id,in_span_mean,out_span_mean,relative_TRT,Text_TRT,Target_TRT,Fix_Target,target_to_fixation_ratio,Fix_Total,Correct_Flag
A10BH9PYCYUKDJ,436.14285714285717,634.0,0.09963498503908637,63833.0,6360.0,42,0.1144414169,367,1
A10W3EILX06DFO,55.57142857142857,102.32142857142857,0.04390023699356732,8861.0,389.0,7,0.0479452055,146,1
A11EZAV2HRYKD5,161.75,137.77083333333334,0.06739583333333334,9600.0,647.0,6,0.0454545455,132,1
A11M4E3N6Q8918,352.3333333333333,496.05172413793105,0.02039306669356601,59481.0,1213.0,12,0.0226415094,530,0
A11YS0T8MV3Q7C,679.4615384615385,460.3,0.14980065181067712,60447.0,9055.0,46,0.1069767442,430,1
A12HLLXWOQJ14Q,283.10526315789474,376.01612903225805,0.15036519957954883,37103.0,5579.0,67,0.1519274376,441,1
A12NT768CR36E5,96.0,189.0625,0.020349761526232114,9435.0,192.0,2,0.0181818182,110,0
A13WTEQ06V3B6D,187.0,237.46938775510205,0.019241652518392757,19437.0,374.0,3,0.0153846154,195,1
A160BYMX7X0EPG,310.8333333333333,310.55172413793105,0.061891772338543205,27128.0,1679.0,21,0.0625,336,1
A17Q4QN6UE0EZC,135.0,254.15686274509804,0.022937333655939994,20665.0,474.0,6,0.0280373832,214,1
A18JFH5XQAUVAK,75.0,131.0,0.02704652001442481,5546.0,150.0,2,0.0281690141,71,1
A18MDEBDC9B19A,0,151.63636363636363,0.0,1842.0,0.0,1,0.0588235294,17,1
A19F9CLZ0XWBYR,116.0,195.42857142857142,0.024370192025368487,17029.0,415.0,6,0.0320855615,187,1
A19L8SNH73AX1Z,360.0,328.6666666666667,0.03739439650291047,44151.0,1651.0,13,0.0372492837,349,1
A1B7X75L6JOPGM,121.66666666666667,90.125,0.13845702552068054,3409.0,472.0,7,0.1489361702,47,1
A1BASVXQK125PD,88.0,211.20289855072463,0.013914693441910108,25297.0,352.0,5,0.0183150183,273,1
A1CPY1HLCFTIL1,409.75,1249.5873015873017,0.014295395435730246,109196.0,1561.0,14,0.0149892934,934,1
A1D26DHX9CDRGI,109.75,112.7,0.06944804353459445,3859.0,268.0,2,0.0392156863,51,1
A1D41E24S4E4I4,152.0,358.0379746835443,0.026493620550852626,40991.0,1086.0,12,0.0281030445,427,1
A1FMSDBXC2CYM0,174.0,266.9230769230769,0.03410030311380546,14516.0,495.0,5,0.0235849057,212,1
A1HR8IRDC07FO9,1574.0,1139.7450980392157,0.062367502870771134,181136.0,11297.0,110,0.0596529284,1844,0
A1IJ6E21R29K53,229.23076923076923,186.61111111111111,0.17893996247654784,17056.0,3052.0,39,0.1902439024,205,0
A1ISZTMNHXPB4C,510.42857142857144,251.4367816091954,0.10606921719362268,33431.0,3546.0,35,0.0918635171,381,1
A1JI19KPIVNL3Y,218.33333333333334,324.25,0.02098282931829831,31216.0,655.0,9,0.0252808989,356,0
A1JVDJPJN1XHLD,316.42857142857144,485.1818181818182,0.0365709444552306,56657.0,2072.0,22,0.0389380531,565,0
A1JWPEUSQYB6XL,82.25,194.28571428571428,0.04603330068560235,7147.0,329.0,4,0.0727272727,55,0
A1K76PLMB0YQT5,0,642.4492753623189,0.0,78720.0,0.0,0,0.0,923,1
A1KGPGSI6I9TQ5,278.0,149.26829268292684,0.05285171102661597,10520.0,556.0,5,0.0427350427,117,1
A1LTVR9DOB62B1,0,486.1875,0.0,45496.0,0.0,0,0.0,417,1
A1N93G08WP4XH7,0,255.0,0.0,19456.0,0.0,0,0.0,154,1
A1NQOR4RQJJDMW,131.28571428571428,158.05882352941177,0.06519244012548779,13069.0,852.0,8,0.0563380282,142,0
A1OM5NWYYYJKQW,228.0,334.8813559322034,0.02329954218443427,36696.0,855.0,7,0.0324074074,216,1
A1OZPLHNIU1519,70.0,133.54545454545453,0.01042364678728315,13431.0,140.0,2,0.0125786164,159,1
A1PHDT66U6IK4Q,337.75,463.3333333333333,0.032091762922819025,87094.0,2795.0,34,0.0325047801,1046,1
A1QMJNJ5FGC09,0,534.9479166666666,0.0,84092.0,0.0,0,0.0,645,1
A1T9BJRS4IL8VQ,0,92.16129032258064,0.0,4694.0,0.0,0,0.0,62,1
A1VGM6OJRPRNCQ,78.0,145.71428571428572,0.013133524162316888,5939.0,78.0,1,0.0131578947,76,0
A1WH32GYQOHIRQ,50.0,260.51162790697674,0.0016212185078304854,30841.0,50.0,1,0.0033112583,302,1
A1WRZX4HNRMVG1,144.25,438.6818181818182,0.012912115953863428,39188.0,506.0,5,0.0161812298,309,1
A1X2SSCWCB9N76,268.6666666666667,238.51063829787233,0.20881550475115251,21258.0,4439.0,47,0.2126696833,221,1
A1YRYQBQGQRY1Q,62.0,424.55434782608694,0.006063825889422197,54586.0,331.0,5,0.0110619469,452,1
A1YTB9G04PC71S,238.66666666666666,247.61971830985917,0.032467238017503286,22053.0,716.0,6,0.027027027,222,1
A20SL254675EOK,107.57142857142857,113.5,0.08992118461905899,8374.0,753.0,9,0.0927835052,97,1
A21ZK49H9LSSRY,173.66666666666666,240.31460674157304,0.05121577093512101,35204.0,1803.0,23,0.0527522936,436,1
A224ZKQ83DQ3P3,657.25,702.1444444444444,0.05501808698578279,95096.0,5232.0,51,0.0542553191,940,1
A23KAJRDVCVGOE,120.0,229.8227848101266,0.009043635541487679,26538.0,240.0,3,0.009009009,333,1
A24LB89P1BPKKF,116.0,355.3424657534247,0.003154917319408181,36768.0,116.0,1,0.0027700831,361,1
A25TQ73VVCOM4X,429.6666666666667,306.8484848484849,0.0413450096115705,32773.0,1355.0,14,0.0433436533,323,1
A28VE2YSRYE3B8,251.8,271.6842105263158,0.058230424124693585,21621.0,1259.0,13,0.0528455285,246,0
A292T1OXCVXN78,131.75,166.9512195121951,0.08029252685305097,13127.0,1054.0,11,0.0780141844,141,1
A293JF50QSYCRO,288.6,294.09090909090907,0.08248921630397907,20633.0,1702.0,17,0.0798122066,213,1
A2APG8MSLJ6G2K,520.0,386.69767441860466,0.07109826589595376,27680.0,1968.0,20,0.0643086817,311,0
A2G57M3XD1AIBS,170.0,290.52941176470586,0.010626024652377193,32938.0,350.0,3,0.0096463023,311,0
A2H1QUGX0SOUMH,397.5,156.6875,0.05027191096496775,15814.0,795.0,10,0.0476190476,210,1
A2HOEI5M6G883O,781.3333333333334,551.5593220338983,0.040868795806273894,59899.0,2448.0,6,0.0263157895,228,1
A2I6ZALE49CVSC,236.64285714285714,198.34146341463415,0.20105059441526127,18085.0,3636.0,33,0.1833333333,180,1
A2IFHU3P1MF54K,547.2941176470588,628.6829268292682,0.10952898758083901,87365.0,9569.0,44,0.0852713178,516,1
A2IQ0QCTQ3KWLT,300.8333333333333,501.27142857142854,0.040814019219898245,44225.0,1805.0,12,0.06,200,1
A2LLOJFA11FSZF,87.0,152.61904761904762,0.06074498567335244,5235.0,318.0,4,0.0588235294,68,1
A2N9U74YIPDQ9F,136.25,189.85454545454544,0.036396420462134364,14974.0,545.0,4,0.0305343511,131,1
A2OU4N4VBIE91I,255.25,289.72151898734177,0.04077160596301338,30119.0,1228.0,8,0.0330578512,242,1
A2OVX9UW5WANQE,191.66666666666666,243.58928571428572,0.019385725363271634,29661.0,575.0,7,0.0189701897,369,0
A2PSR3CMNR1R9X,458.25,330.375,0.10063411018693898,36429.0,3666.0,16,0.062745098,255,1
A2QABS5PO2AYES,382.85714285714283,279.8529411764706,0.1259442184776293,20652.0,2601.0,19,0.1233766234,154,0
A2RBF3IIJP15IH,135.4,179.6451612903226,0.02702449533979673,21351.0,577.0,7,0.0300429185,233,1
A2RC9V49MHS973,0,305.9795918367347,0.0,27640.0,0.0,0,0.0,268,0
A2UKBPPWF76NCT,0,283.7457627118644,0.0,26354.0,0.0,0,0.0,331,1
A2V27A9GZA1NR2,210.8,266.27777777777777,0.03455058021372845,30506.0,1054.0,11,0.0404411765,272,1
A2VLTSW6CXIUMR,419.14285714285717,646.2718446601941,0.022888474784627844,102497.0,2346.0,22,0.0259128386,849,1
A2VO8C41JJIQY9,636.6666666666666,419.91954022988506,0.05881048528278985,85682.0,5039.0,49,0.0569105691,861,1
A2VOJULWLB9LYU,152.28571428571428,461.7176470588235,0.019313343599963766,55195.0,1066.0,12,0.0246406571,487,1
A2WBGRTWOXDE6M,385.2,379.9270833333333,0.047114553030898655,50876.0,2397.0,9,0.0334572491,269,1
A2XENTYL1D1UOL,95.0,487.1707317073171,0.008456062655114506,67289.0,569.0,5,0.0065963061,758,1
A2Y87M8V0N1M6P,220.5,406.85897435897436,0.008802395209580838,50100.0,441.0,4,0.0127388535,314,1
A2YC6PEMIRSOAA,67.0,251.41666666666666,0.003378548736826181,19831.0,67.0,1,0.004784689,209,0
A2YP60DM1HYTH8,136.0,389.07246376811594,0.005389874170216982,50465.0,272.0,3,0.0078740157,381,1
A2YTY52FZNII62,214.0,251.71641791044777,0.0315103610339671,28086.0,885.0,11,0.0296495957,371,1
A2Z5A7TCIR8M6E,177.5,298.5507246376812,0.07686222808174027,30340.0,2332.0,27,0.0876623377,308,1
A2Z6GCD1ZNCT6Z,107.4,219.28985507246378,0.023082874828060523,23264.0,537.0,6,0.0248962656,241,0
A2ZDEERVRN5AMC,344.0,318.03333333333336,0.009511959076455136,36165.0,344.0,2,0.0072992701,274,0
A2ZSL0EDN3H4AT,234.66666666666666,361.5326086956522,0.00704154308657668,49563.0,349.0,3,0.0068649886,437,1
A3084P5PROPWOI,130.0,307.2307692307692,0.007599006283793658,34215.0,260.0,3,0.0069124424,434,1
A34NDXO56MBC3D,71.5,174.35714285714286,0.009943675683193102,14381.0,143.0,2,0.014084507,142,1
A35J0Z5315SEBK,314.75,353.5,0.03207398160650141,39253.0,1259.0,12,0.0294117647,408,1
A35P3396DDWKTT,250.45833333333334,201.41666666666666,0.2364756488772237,27432.0,6487.0,72,0.2285714286,315,1
A361512FNHY889,174.58333333333334,221.04054054054055,0.08249767008387698,26825.0,2213.0,23,0.074433657,309,0
A36IB78C6MVA3,187.77777777777777,271.4871794871795,0.09752932627426554,38532.0,3758.0,45,0.0965665236,466,0
A3785TR8D5I81Q,445.2,327.05263157894734,0.046624638823220384,45684.0,2130.0,25,0.0536480687,466,1
A379B5GPHSV7TX,273.0,220.36170212765958,0.037621442844346445,14513.0,546.0,5,0.0318471338,157,1
A37E5WQJFDG6QG,107.4,192.93939393939394,0.034636871508379886,10740.0,372.0,4,0.0330578512,121,1
A38DHLB88V8DL8,320.75,321.4769230769231,0.044994590466492713,31426.0,1414.0,15,0.0406504065,369,1
A39SK1E6IMQBD5,85.0,489.64,0.0016106416038200629,52774.0,85.0,1,0.0021929825,456,1
A3A1KP2SJRGNRZ,82.5,84.21739130434783,0.10724731881702958,3077.0,330.0,4,0.0952380952,42,0
A3B2YRSMSC2J3T,65.2,90.57894736842105,0.1425448185395715,2287.0,326.0,5,0.1388888889,36,0
A3C6TJDUSBLFCX,112.33333333333333,127.3157894736842,0.09235406960811181,3649.0,337.0,4,0.1025641026,39,0
A3CZZJYU9JI93H,108.5,351.07894736842104,0.0027393455867501513,79216.0,217.0,3,0.0033594625,893,0
A3DTG2QEFWI2II,113.28571428571429,155.29166666666666,0.1404782993799823,5645.0,793.0,11,0.1666666667,66,0
A3EQVDHHKZRC0K,217.15,396.5,0.07480134084296143,58769.0,4396.0,68,0.0757238307,898,1
A3EU8ENRH654SB,67.5,279.126582278481,0.00566145692173337,33207.0,188.0,3,0.0099337748,302,1
A3F7C28TEYK795,0,285.89130434782606,0.0,36633.0,0.0,0,0.0,432,1
A3FL5SZK2XRTFB,163.0,376.8453608247423,0.04413732865615711,70983.0,3133.0,37,0.0435294118,850,1
A3FPXYVABXB9IZ,284.09090909090907,182.59322033898306,0.1601742696053306,19510.0,3125.0,29,0.1518324607,191,1
A3HNEYFOIJWPH1,0,221.5686274509804,0.0,15238.0,0.0,0,0.0,141,1
A3J6YBLI6HWG6W,0,101.34782608695652,0.0,4825.0,0.0,1,0.0158730159,63,1
A3K0U7YO7V7KZF,134.9090909090909,186.88095238095238,0.14529049666919638,11859.0,1723.0,22,0.1466666667,150,1
A3L95FSCN74FIF,4416.75,2073.073684210526,0.054413702966365746,362666.0,19734.0,218,0.0593035909,3676,0
A3MHP4LZ3V88NF,84.66666666666667,85.86666666666666,0.1111597374179431,2285.0,254.0,4,0.1111111111,36,0
A3MKSFVTMOF50Y,176.4,260.1333333333333,0.04610062106623317,23991.0,1106.0,16,0.0507936508,315,0
A3NXT3OVGL7QNR,87.33333333333333,627.3283582089553,0.0072334727571402935,72441.0,524.0,7,0.0169491525,413,1
A3NXW2JI4DU0C0,166.0,536.0493827160494,0.036654022157996145,66432.0,2435.0,27,0.0419906687,643,0
A3RDJ3UZ9EJP6Y,695.875,461.84507042253523,0.11929371231696813,53406.0,6371.0,58,0.1155378486,502,0
A3RI9RLBGPG2B6,95.8,125.68333333333334,0.04140375140461578,11569.0,479.0,7,0.0419161677,167,1
A3RMV9ZGFJ0HHF,271.5,366.38461538461536,0.05932967303122183,36609.0,2172.0,18,0.0633802817,284,1
A3RVHUY67SVXQV,0,294.77272727272725,0.002853426209558978,23831.0,68.0,1,0.0059171598,169,1
A3VHDQR8A9JJ4F,0,657.5636363636364,0.0,44208.0,0.0,0,0.0,363,1
A489K1IFOM4JW,209.57142857142858,463.65,0.01965402907596057,66653.0,1310.0,15,0.0220913108,679,1
A4CHLWPHZIP7Y,50.0,189.2394366197183,0.004722996268832947,21173.0,100.0,2,0.0076335878,262,1
A4RSIQQ5UOED2,546.5714285714286,397.7669902912621,0.05844536310666971,61442.0,3591.0,54,0.0606060606,891,1
A4W9APAHFWVLO,146.35714285714286,240.38805970149255,0.07762816641205102,28147.0,2185.0,23,0.0877862595,262,1
A4W9APAHFWVLO,443.25,366.875,0.0566598491627253,31292.0,1773.0,6,0.03125,192,1
A7GT7BIC7ERWE,207.0,172.77777777777777,0.017985924059431748,23018.0,414.0,3,0.0125,240,1
A7SW6SVNJ5V6O,171.75,238.3095238095238,0.036222924394376514,21837.0,791.0,8,0.0379146919,211,1
A8C3WNWRBWUXO,655.3846153846154,365.74074074074076,0.20851875397329941,40898.0,8528.0,92,0.1928721174,477,1
A9KXY0C9JHSZL,190.5,111.52631578947368,0.10058078141499471,3788.0,381.0,4,0.0930232558,43,1
ACTQSBR4YRLZZ,212.3913043478261,265.9010989010989,0.11346204079694142,42111.0,4778.0,57,0.1233766234,462,1
AE681FG4LT6DV,0,90.83333333333333,0.0,1227.0,0.0,0,0.0,16,0
AFJFYJZ849YOZ,566.5454545454545,323.0779220779221,0.15604285951866195,42091.0,6568.0,51,0.1297709924,393,1
AI8E3ZLZ3FO6O,167.28571428571428,117.88888888888889,0.3295819935691318,3732.0,1230.0,12,0.2790697674,43,0
AIA7RZSAONU5M,298.2142857142857,279.78823529411767,0.11601931444338322,37692.0,4373.0,38,0.1214057508,313,1
AIJG3Z7ATXCTD,249.0,91.53333333333333,0.08073929961089495,3084.0,249.0,1,0.0256410256,39,1
AK52RXEJKR81A,101.0,157.07407407407408,0.05607710602077857,7989.0,448.0,4,0.0512820513,78,0
AKAM01E1R4KAF,151.42857142857142,200.53333333333333,0.033685013346892084,31468.0,1060.0,14,0.0344827586,406,1
AKK1UCZ1NC5OW,138.66666666666666,177.86666666666667,0.01884570082449941,22074.0,416.0,6,0.0236220472,254,1
AKNBC1TE88NDO,231.4,223.04347826086956,0.03702519276551896,28143.0,1042.0,10,0.0305810398,327,1
AMPR904VJJFZY,246.0,170.76923076923077,0.055502284392802755,17729.0,984.0,4,0.0229885057,174,0
ANCTZADQC3D75,375.375,1068.8021978021977,0.019010396411811983,154284.0,2933.0,27,0.0191761364,1408,1
ANX6Q4NMZL8EI,254.53846153846155,322.5833333333333,0.08437763268744734,37984.0,3205.0,29,0.0781671159,371,1
AOQU769ZT0JSD,95.0,460.81176470588235,0.007022056649518065,67644.0,475.0,7,0.0084643289,827,0
AQMLJYUQCSG22,325.14285714285717,287.625,0.07591907765934305,32179.0,2443.0,20,0.0757575758,264,1
AQWH9UY6FVU21,538.1428571428571,486.45454545454544,0.07269044298333001,60228.0,4378.0,27,0.0701298701,385,0
ARUXG5FD1Q76F,253.8,441.9125,0.027588909571862448,51035.0,1408.0,14,0.0313199105,447,1
AT6LDQNLKTUSE,297.0,263.2173913043478,0.07032914989344068,16892.0,1188.0,11,0.0607734807,181,0
ATA9BBCLTE2HS,843.0,180.9,0.2808127914723518,3002.0,843.0,3,0.1153846154,26,0
AUA3VQ48GSMLF,100.0,98.9375,0.04151100041511,2409.0,100.0,1,0.03125,32,1
AV6J56XKCIG7F,274.55555555555554,399.7070707070707,0.04335136204735835,60644.0,2629.0,19,0.0336879433,564,1
AX3KFUB3F8VOU,174.33333333333334,144.2622950819672,0.07272323740474958,13517.0,983.0,13,0.0691489362,188,0
AX8NXTT8QMGHC,123.66666666666667,448.8607594936709,0.011711403658745085,46792.0,548.0,5,0.0139275766,359,1
AXY0D2AMLKE2A,244.28571428571428,181.95,0.08058413148870758,16914.0,1363.0,13,0.0656565657,198,1
AYQTQYOLTNY0Y,129.5,95.8125,0.21005677210056772,2466.0,518.0,4,0.1333333333,30,0
AYY0UC6KCN9RW,129.8125,338.58620689655174,0.06701461377870564,33530.0,2247.0,34,0.0705394191,482,0
AYYSG3O9FNU15,143.5,228.51020408163265,0.016357004445457655,17546.0,287.0,2,0.0165289256,121,0
AZS5TQV407VDD,151.33333333333334,127.41935483870968,0.05132843414358394,8845.0,454.0,6,0.0631578947,95,0
AZU9D7YLCTAYV,596.4090909090909,512.2631578947369,0.2060627355778445,62612.0,12902.0,76,0.1771561772,429,1
p1-lab-control,202.0,204.4848484848485,0.18769787426503845,13266.0,2490.0,22,0.1833333333,120,1
p1-volunteer-cognition,229.85714285714286,203.0,0.32517548852210204,5271.0,1714.0,15,0.3488372093,43,1
p10-volunteer-cognition,177.5,244.5625,0.10890527509926262,35260.0,3840.0,49,0.1234256927,397,0
p11-volunteer-cognition,188.86363636363637,454.5135135135135,0.07492150564798442,55418.0,4152.0,54,0.1812080537,298,0
p12-volunteer-cognition,281.85,208.5151515151515,0.1690807062902136,34037.0,5755.0,70,0.1631701632,429,1
p13-lab-control,146.44444444444446,172.76470588235293,0.10189053317283864,14123.0,1439.0,16,0.085106383,188,0
p13-volunteer-cognition,237.9,355.17721518987344,0.043060999864830946,51787.0,2230.0,21,0.0501193317,419,1
p13-volunteer-cognition,0,75605.0,0.0,75605.0,0.0,0,0.0,3,1
p14-lab-control,433.3333333333333,343.4189189189189,0.2263353268715199,38792.0,8780.0,62,0.25,248,0
p14-volunteer-cognition,342.3333333333333,510.72727272727275,0.08064571644924792,58106.0,4686.0,36,0.0801781737,449,1
p15-lab-control,204.0,308.94117647058823,0.03250581599158673,31379.0,1020.0,9,0.0269461078,334,0
p15-volunteer-cognition,309.8,379.811320754717,0.19473208295656738,34283.0,6676.0,48,0.1666666667,288,1
p16-lab-control,204.76923076923077,469.47457627118644,0.05248193084887027,46073.0,2418.0,26,0.052,500,1
p16-volunteer-cognition,1020.4782608695652,1359.2446808510638,0.14045415822096882,170205.0,23906.0,214,0.1738424045,1231,1
p17-volunteer-cognition,263.3125,454.07142857142856,0.11521623064602242,37460.0,4316.0,32,0.1344537815,238,1
p18-lab-control,875.2,572.8255813953489,0.23605901734463394,96514.0,22783.0,112,0.2231075697,502,1
p19-volunteer-cognition,555.8666666666667,609.830985915493,0.15885495925061716,59142.0,9395.0,38,0.1283783784,296,1
p3-lab-control,65.5,130.43333333333334,0.021366824335344967,6131.0,131.0,2,0.025974026,77,1
p3-volunteer-cognition,226.7,376.6666666666667,0.06909423127120856,38310.0,2647.0,24,0.075,320,1
p4-lab-control,224.25,529.5166666666667,0.018142426857837353,56773.0,1030.0,6,0.0184615385,325,1
p4-volunteer-cognition,222.16666666666666,172.0,0.19189010574018128,21184.0,4065.0,48,0.1875,256,1
p5-volunteer-cognition,615.0,396.8,0.26962275910107414,54554.0,14709.0,155,0.2516233766,616,1
p6-lab-control,178.92857142857142,438.81333333333333,0.04513088823824951,57721.0,2605.0,27,0.0523255814,516,1
p6-volunteer-cognition,349.26666666666665,381.5151515151515,0.13130311965706074,40357.0,5299.0,43,0.1365079365,315,1
p6-volunteer-cognition,0,73158.0,0.0,73158.0,0.0,0,0.0,7,1
p7-lab-control,173.30769230769232,352.82089552238807,0.060813641179804354,40583.0,2468.0,25,0.0578703704,432,1
p7-volunteer-cognition,501.57894736842104,529.1447368421053,0.13851836945897775,69572.0,9637.0,64,0.133611691,479,1
p7-volunteer-cognition,370.2857142857143,399.7671232876712,0.10726831716293074,47824.0,5130.0,37,0.1111111111,333,0
p8-volunteer-cognition,216.75,543.438596491228,0.03372342966324337,62805.0,2118.0,8,0.0247678019,323,1
A10BH9PYCYUKDJ,0,568.4444444444445,0.0,38062.0,0.0,0,0.0,229,1
A10W3EILX06DFO,96.0,95.72727272727273,0.035346097201767304,2716.0,96.0,1,0.0243902439,41,0
A11EZAV2HRYKD5,84.0,71.0,0.020197162779514305,4159.0,84.0,1,0.012195122,82,1
A11M4E3N6Q8918,0,354.03125,0.0,14957.0,0.0,0,0.0,155,1
A11YS0T8MV3Q7C,0,383.3414634146341,0.0,22272.0,0.0,0,0.0,182,0
A12HLLXWOQJ14Q,0,295.07142857142856,0.0,16645.0,0.0,0,0.0,203,1
A12NT768CR36E5,180.0,228.51351351351352,0.03178246667255231,11327.0,360.0,5,0.0390625,128,1
A13WTEQ06V3B6D,218.0,190.59259259259258,0.03656184486373166,11925.0,436.0,4,0.0327868852,122,0
A160BYMX7X0EPG,191.0,294.4782608695652,0.034834324553950725,12947.0,451.0,7,0.0424242424,165,1
A17Q4QN6UE0EZC,68.0,139.57692307692307,0.01145359609230251,5937.0,68.0,1,0.0163934426,61,0
A18JFH5XQAUVAK,0,204.8181818181818,0.0,7768.0,0.0,0,0.0,111,1
A18MDEBDC9B19A,0,145.66666666666666,0.0,1806.0,0.0,0,0.0,16,0
A19F9CLZ0XWBYR,396.25,215.65,0.42136348295646303,11852.0,4994.0,49,0.4117647059,119,0
A19L8SNH73AX1Z,412.5,327.6666666666667,0.033165829145728645,24875.0,825.0,7,0.033492823,209,0
A1B7X75L6JOPGM,0,72.0,0.0,650.0,0.0,0,0.0,12,1
A1BASVXQK125PD,0,407.2307692307692,0.0,21025.0,0.0,0,0.0,209,0
A1CPY1HLCFTIL1,0,762.4242424242424,0.0,70106.0,0.0,0,0.0,625,0
A1D26DHX9CDRGI,0,187.06666666666666,0.0,3212.0,0.0,0,0.0,33,0
A1D41E24S4E4I4,700.0,353.1578947368421,0.025348542458808618,27615.0,700.0,5,0.0164473684,304,1
A1FMSDBXC2CYM0,84.5,251.26923076923077,0.015993186334815935,10567.0,169.0,2,0.015037594,133,0
A1HR8IRDC07FO9,0,418.4166666666667,0.0,30041.0,0.0,0,0.0,317,1
A1IJ6E21R29K53,304.5,434.9,0.05023094688221709,12124.0,609.0,8,0.0540540541,148,0
A1ISZTMNHXPB4C,171.0,83.33333333333333,0.03761467889908257,6540.0,246.0,3,0.0394736842,76,1
A1JI19KPIVNL3Y,665.9444444444445,303.0416666666667,0.5129295483277784,26103.0,13389.0,137,0.4910394265,279,1
A1JVDJPJN1XHLD,0,505.65909090909093,0.0,30060.0,0.0,0,0.0,294,1
A1JWPEUSQYB6XL,0,148.33333333333334,0.0,4856.0,0.0,0,0.0,50,1
A1K76PLMB0YQT5,59.0,543.8958333333334,0.0016315018112435362,36163.0,59.0,1,0.0020325203,492,1
A1KGPGSI6I9TQ5,0,184.02857142857144,0.0,8110.0,0.0,0,0.0,96,0
A1LTVR9DOB62B1,530.3,274.90909090909093,0.350923747058529,19973.0,7009.0,63,0.3298429319,191,0
A1N93G08WP4XH7,300.0,340.6842105263158,0.011818002757533978,25385.0,300.0,3,0.0175438596,171,1
A1NQOR4RQJJDMW,146.125,158.35714285714286,0.28265456847436166,9478.0,2679.0,32,0.2711864407,118,0
A1OM5NWYYYJKQW,0,294.94117647058823,0.0,16163.0,0.0,0,0.0,93,1
A1OZPLHNIU1519,239.0,201.17857142857142,0.012738514017695341,18762.0,239.0,2,0.0097560976,205,1
A1PHDT66U6IK4Q,538.0,375.42028985507244,0.028256916801808443,40698.0,1150.0,14,0.0274509804,510,1
A1QMJNJ5FGC09,104.33333333333333,154.95652173913044,0.042771248975129815,7318.0,313.0,5,0.0666666667,75,0
A1T9BJRS4IL8VQ,101.0,108.54166666666667,0.03055051421657592,3306.0,101.0,1,0.0222222222,45,1
A1VGM6OJRPRNCQ,0,194.69230769230768,0.0,6933.0,0.0,0,0.0,82,0
A1WH32GYQOHIRQ,162.5,352.7692307692308,0.02712345964518154,30269.0,821.0,9,0.0296052632,304,0
A1WRZX4HNRMVG1,0,256.44897959183675,0.0,17664.0,0.0,0,0.0,156,0
A1X2SSCWCB9N76,181.0,246.75,0.021528618364170846,11566.0,249.0,3,0.0241935484,124,0
A1YRYQBQGQRY1Q,200.5,222.92592592592592,0.03226325529004747,12429.0,401.0,3,0.0243902439,123,0
A1YTB9G04PC71S,0,225.95652173913044,0.00641440974471945,15434.0,99.0,1,0.0060240964,166,0
A20SL254675EOK,0,134.97058823529412,0.0,5876.0,0.0,0,0.0,68,0
A21ZK49H9LSSRY,239.5,229.4814814814815,0.040814763764453636,13059.0,533.0,8,0.0430107527,186,0
A224ZKQ83DQ3P3,648.0,490.4189189189189,0.0262672530857942,49339.0,1296.0,15,0.0297619048,504,0
A23KAJRDVCVGOE,156.5625,177.06666666666666,0.45905267817618417,6777.0,3111.0,37,0.4457831325,83,0
A24LB89P1BPKKF,0,479.5128205128205,0.0,26391.0,0.0,0,0.0,239,0
A25TQ73VVCOM4X,0,291.9736842105263,0.0,17785.0,0.0,0,0.0,205,0
A28VE2YSRYE3B8,0,71.5,0.0,143.0,0.0,0,0.0,3,1
A292T1OXCVXN78,0,140.55172413793105,0.0,7145.0,0.0,0,0.0,79,0
A293JF50QSYCRO,0,397.7894736842105,0.0,20483.0,0.0,0,0.0,208,1
A2APG8MSLJ6G2K,239.0,360.93333333333334,0.01338560627275273,17855.0,239.0,3,0.0147058824,204,1
A2G57M3XD1AIBS,341.5,391.9142857142857,0.03626612860404609,18833.0,683.0,5,0.0282485876,177,0
A2H1QUGX0SOUMH,0,179.91304347826087,0.0,7722.0,0.0,0,0.0,123,1
A2HOEI5M6G883O,514.0,249.47058823529412,0.06203234371228578,8286.0,514.0,1,0.0192307692,52,1
A2I6ZALE49CVSC,313.0,204.94594594594594,0.02410288002464192,12986.0,313.0,3,0.0223880597,134,0
A2IFHU3P1MF54K,0,334.05263157894734,0.0,22125.0,0.0,0,0.0,125,0
A2IQ0QCTQ3KWLT,1089.0,378.3777777777778,0.0,23371.0,0.0,0,0.0,118,0
A2LLOJFA11FSZF,251.0,152.77777777777777,0.07196100917431193,3488.0,251.0,2,0.0454545455,44,1
A2N9U74YIPDQ9F,126.375,180.0,0.13506684914201494,9499.0,1283.0,13,0.1226415094,106,0
A2OU4N4VBIE91I,0,605.969696969697,0.0,34912.0,0.0,0,0.0,288,1
A2OVX9UW5WANQE,332.0,257.9433962264151,0.020394381415451107,22212.0,453.0,6,0.020979021,286,0
A2PSR3CMNR1R9X,205.0,520.2432432432432,0.007642979643576169,26822.0,205.0,2,0.0124223602,161,0
A2QABS5PO2AYES,0,863.7647058823529,0.0,18571.0,0.0,0,0.0,125,1
A2RBF3IIJP15IH,0,172.22727272727272,0.0,10187.0,0.0,0,0.0,109,1
A2RC9V49MHS973,62.0,260.10526315789474,0.003979971755039158,15578.0,62.0,1,0.0059171598,169,0
A2UKBPPWF76NCT,249.0,401.2903225806452,0.009680805567435169,25721.0,249.0,3,0.0089285714,336,1
A2V27A9GZA1NR2,446.0,324.65,0.05206595347924232,20378.0,1061.0,8,0.0484848485,165,0
A2VLTSW6CXIUMR,65.0,507.27906976744185,0.0012882000872012367,50458.0,65.0,1,0.0023752969,421,0
A2VO8C41JJIQY9,0,851.1076923076923,0.0,79288.0,0.0,0,0.0,711,1
A2VOJULWLB9LYU,146.5,243.08695652173913,0.044152858921559235,10441.0,461.0,5,0.0555555556,90,0
A2WBGRTWOXDE6M,1343.0,537.8253968253969,0.017790485267254387,50364.0,896.0,4,0.012987013,308,0
A2XENTYL1D1UOL,53.0,291.2972972972973,0.0032366200439255576,34604.0,112.0,2,0.0043668122,458,1
A2Y87M8V0N1M6P,63.0,371.5882352941176,0.0027236176559595347,23131.0,63.0,1,0.0064102564,156,0
A2YC6PEMIRSOAA,815.0,339.6666666666667,0.05673261008296107,15670.0,889.0,9,0.0548780488,164,0
A2YP60DM1HYTH8,0,611.5,0.0,33289.0,0.0,0,0.0,213,1
A2YTY52FZNII62,0,201.70833333333334,0.0,13648.0,0.0,0,0.0,179,0
A2Z5A7TCIR8M6E,747.0,260.2,0.04503526858383071,14744.0,664.0,8,0.0559440559,143,0
A2Z6GCD1ZNCT6Z,320.0,249.93023255813952,0.04584681769147789,22248.0,1020.0,11,0.0458333333,240,0
A2ZDEERVRN5AMC,155.0,279.02941176470586,0.01451718647560176,21354.0,310.0,2,0.0122699387,163,0
A2ZSL0EDN3H4AT,200.5,319.6825396825397,0.013473104189765817,29763.0,401.0,3,0.0111940299,268,0
A3084P5PROPWOI,0,220.44117647058823,0.0,10911.0,0.0,0,0.0,153,1
A34NDXO56MBC3D,0,189.31578947368422,0.0,7456.0,0.0,0,0.0,83,0
A35J0Z5315SEBK,0,256.51612903225805,0.0,22361.0,0.0,0,0.0,238,0
A35P3396DDWKTT,68.0,170.21875,0.0065923412506059135,10315.0,68.0,1,0.0080645161,124,0
A361512FNHY889,69.0,156.88,0.0051084622788183905,13507.0,69.0,1,0.0060240964,166,0
A36IB78C6MVA3,150.0,249.75,0.004693977078761278,16404.0,77.0,1,0.0044247788,226,0
A3785TR8D5I81Q,0,679.1159420289855,0.0,62136.0,0.0,0,0.0,607,0
A379B5GPHSV7TX,0,221.3,0.0,2999.0,0.0,0,0.0,31,0
A37E5WQJFDG6QG,0,126.48387096774194,0.0,5697.0,0.0,0,0.0,71,1
A38DHLB88V8DL8,97.0,375.46666666666664,0.006631583450990459,23373.0,155.0,2,0.0068027211,294,0
A39SK1E6IMQBD5,437.05263157894734,274.14814814814815,0.45190917991514756,21449.0,9693.0,83,0.4129353234,201,0
A3A1KP2SJRGNRZ,718.0,361.2391304347826,0.07492188067727636,27522.0,2062.0,27,0.0745856354,362,0
A3B2YRSMSC2J3T,0,98.0,0.0,2105.0,0.0,0,0.0,21,1
A3C6TJDUSBLFCX,173.0,165.5,0.03799692510432682,4553.0,173.0,2,0.0344827586,58,1
A3CZZJYU9JI93H,105.0,123.76470588235294,0.026950718685831623,3896.0,105.0,1,0.0243902439,41,0
A3DTG2QEFWI2II,442.0,484.3636363636364,0.06607760276603919,15618.0,1032.0,11,0.0578947368,190,1
A3EQVDHHKZRC0K,607.0,317.4,0.022453207072575275,27034.0,607.0,6,0.0147058824,408,1
A3EU8ENRH654SB,62.0,233.34285714285716,0.002660030890681311,23308.0,62.0,1,0.0044444444,225,0
A3F7C28TEYK795,267.5,236.46875,0.33901777026681007,19527.0,6620.0,70,0.3125,224,0
A3FL5SZK2XRTFB,63.0,292.07547169811323,0.006005186297256722,21981.0,132.0,2,0.0070921986,282,1
A3FPXYVABXB9IZ,408.0,275.48,0.016662546353522868,20225.0,337.0,4,0.0174672489,229,1
A3HNEYFOIJWPH1,0,237.6,0.0,11549.0,0.0,0,0.0,118,0
A3J6YBLI6HWG6W,129.53846153846155,155.31578947368422,0.29310100580818815,7059.0,2069.0,28,0.3181818182,88,1
A3K0U7YO7V7KZF,164.0,137.88235294117646,0.02623580227163654,6251.0,164.0,1,0.014084507,71,0
A3L95FSCN74FIF,569.3809523809524,357.0,0.5520179020100503,25472.0,14061.0,135,0.5443548387,248,1
A3MHP4LZ3V88NF,0,225.4,0.0,2239.0,0.0,0,0.0,29,0
A3MKSFVTMOF50Y,0,386.22222222222223,0.0,17996.0,0.0,0,0.0,190,0
A3NXT3OVGL7QNR,53.0,141.38095238095238,0.00510204081632653,10388.0,53.0,1,0.0086956522,115,1
A3NXW2JI4DU0C0,368.6666666666667,307.3272727272727,0.040114832535885166,26125.0,1048.0,13,0.0439189189,296,0
A3RDJ3UZ9EJP6Y,124.0,292.6551724137931,0.009112286890064668,13608.0,124.0,1,0.0071428571,140,0
A3RI9RLBGPG2B6,0,132.24324324324326,0.0,5794.0,0.0,0,0.0,78,0
A3RMV9ZGFJ0HHF,1598.0,407.9433962264151,0.039805704321833356,40145.0,1598.0,8,0.025477707,314,0
A3RVHUY67SVXQV,273.5,179.26666666666668,0.052942315137437086,10332.0,547.0,5,0.0561797753,89,0
A3VHDQR8A9JJ4F,116.75,379.54285714285714,0.0219341505800573,21291.0,467.0,5,0.0251256281,199,0
A489K1IFOM4JW,232.0,292.4166666666667,0.02108132666969559,11005.0,232.0,3,0.0288461538,104,1
A4CHLWPHZIP7Y,131.47368421052633,143.1153846153846,0.2856145251396648,10024.0,2863.0,41,0.3059701493,134,0
A4RSIQQ5UOED2,126.0,80.5,0.02092675635276532,6021.0,126.0,2,0.0215053763,93,1
A4W9APAHFWVLO,0,276.54347826086956,0.0,17203.0,0.0,0,0.0,158,1
A4W9APAHFWVLO,574.5,320.1818181818182,0.03963025557893285,28993.0,1149.0,7,0.0348258706,201,0
A7GT7BIC7ERWE,0,191.2,0.0,11121.0,0.0,0,0.0,112,0
A7SW6SVNJ5V6O,706.0,236.45833333333334,0.06768286837311858,10431.0,706.0,4,0.0338983051,118,1
A8C3WNWRBWUXO,421.0,434.9428571428571,0.015586819696408738,27010.0,421.0,6,0.0189274448,317,1
A9KXY0C9JHSZL,0,0,0.0,1934.0,0.0,0,0.0,23,1
ACTQSBR4YRLZZ,0,209.35,0.0,11824.0,0.0,0,0.0,133,0
AE681FG4LT6DV,0,120.5,0.0,1367.0,0.0,0,0.0,11,0
AFJFYJZ849YOZ,625.0,409.34,0.01083021414984353,32594.0,353.0,4,0.0134228188,298,0
AI8E3ZLZ3FO6O,210.5,150.33333333333334,0.028417898108918052,9677.0,275.0,4,0.0294117647,136,1
AIA7RZSAONU5M,349.0,392.84615384615387,0.015349430443770067,22737.0,349.0,3,0.0168539326,178,0
AIJG3Z7ATXCTD,98.0,121.9,0.0438871473354232,2233.0,98.0,1,0.0303030303,33,0
AK52RXEJKR81A,329.0,149.375,0.07499430134488261,4387.0,329.0,3,0.0625,48,0
AKAM01E1R4KAF,0,149.16666666666666,0.0,7137.0,0.0,0,0.0,89,1
AKK1UCZ1NC5OW,231.13333333333333,338.75,0.17971403038427167,22380.0,4022.0,43,0.16796875,256,0
AKNBC1TE88NDO,0,214.10344827586206,0.0,24853.0,0.0,0,0.0,259,0
AMPR904VJJFZY,407.0,229.3125,0.030819324549447222,13206.0,407.0,3,0.0254237288,118,1
ANCTZADQC3D75,1399.5,1346.342105263158,0.023627231671801797,118465.0,2799.0,14,0.0143737166,974,1
ANX6Q4NMZL8EI,145.0,158.32142857142858,0.011775215202208868,12314.0,145.0,2,0.0136054422,147,0
AOQU769ZT0JSD,382.0,831.6140350877193,0.01724676357029298,70448.0,1215.0,19,0.0179924242,1056,0
AQMLJYUQCSG22,158.66666666666666,218.86111111111111,0.028541001064962726,14085.0,402.0,5,0.0354609929,141,0
AQWH9UY6FVU21,441.0,405.64,0.0,29236.0,0.0,0,0.0,174,0
ARUXG5FD1Q76F,321.0,311.7894736842105,0.05219512195121951,12300.0,642.0,6,0.0555555556,108,1
AT6LDQNLKTUSE,186.625,229.08695652173913,0.18692824864984017,9073.0,1696.0,21,0.1926605505,109,0
ATA9BBCLTE2HS,0,230.66666666666666,0.0,3416.0,0.0,0,0.0,42,1
AUA3VQ48GSMLF,0,0,0.0,131.0,0.0,0,0.0,2,1
AV6J56XKCIG7F,0,281.25,0.0,7719.0,0.0,0,0.0,82,0
AX3KFUB3F8VOU,175.0,0,0.08565834557023984,2043.0,175.0,2,0.0714285714,28,0
AX8NXTT8QMGHC,470.0,280.27272727272725,0.09719071715232944,11462.0,1114.0,6,0.0638297872,94,0
AXY0D2AMLKE2A,0,325.5238095238095,0.0,9607.0,0.0,0,0.0,107,1
AYQTQYOLTNY0Y,0,103.4,0.0,1469.0,0.0,1,0.0476190476,21,1
AYY0UC6KCN9RW,54.0,281.2894736842105,0.003339517625231911,16170.0,54.0,1,0.0041841004,239,1
AYYSG3O9FNU15,0,178.22222222222223,0.0,3261.0,0.0,0,0.0,22,0
AZS5TQV407VDD,119.42857142857143,167.36363636363637,0.20570652173913043,3680.0,757.0,7,0.1590909091,44,1
AZU9D7YLCTAYV,886.0,592.6666666666666,0.019858980114611666,37867.0,752.0,8,0.0273972603,292,0
p1-lab-control,0,304.95454545454544,0.0,12180.0,0.0,0,0.0,98,1
p1-volunteer-cognition,0,132.5,0.0,2246.0,0.0,0,0.0,17,0
p10-volunteer-cognition,263.0,175.4,0.08188044831880448,6424.0,526.0,6,0.0714285714,84,1
p11-volunteer-cognition,60.0,338.90909090909093,0.007844162635638646,7649.0,60.0,1,0.0093457944,107,1
p12-volunteer-cognition,82.0,221.6904761904762,0.009002910715494482,14773.0,133.0,2,0.0103092784,194,1
p13-lab-control,0,87.0,0.0,1675.0,0.0,0,0.0,29,1
p13-volunteer-cognition,280.0,359.3,0.012366944922927432,22641.0,280.0,3,0.0164835165,182,1
p13-volunteer-cognition,0,13959.0,0.0,13959.0,0.0,0,0.0,2,1
p14-lab-control,408.0,442.7142857142857,0.11705542478065482,4673.0,547.0,2,0.0571428571,35,1
p14-volunteer-cognition,1018.0,472.219512195122,0.03866486990774334,28941.0,1119.0,8,0.0337552743,237,1
p15-lab-control,223.0,231.88888888888889,0.05936443542934415,7395.0,439.0,4,0.0430107527,93,1
p15-volunteer-cognition,282.5,279.5,0.1427488630621526,3958.0,565.0,4,0.085106383,47,1
p16-lab-control,0,181.14285714285714,0.0,5276.0,0.0,0,0.0,80,1
p16-volunteer-cognition,252.0,522.0,0.01441895062081593,17477.0,252.0,2,0.0147058824,136,1
p17-volunteer-cognition,0,255.375,0.0,6258.0,0.0,0,0.0,48,1
p18-lab-control,370.5,871.1818181818181,0.03879454675914853,20905.0,811.0,8,0.0601503759,133,1
p19-volunteer-cognition,475.0,249.11111111111111,0.07915157785825143,7732.0,612.0,2,0.0392156863,51,1
p3-lab-control,340.0,400.77358490566036,0.011831613843559772,34991.0,414.0,6,0.0133333333,450,0
p3-volunteer-cognition,239.0,226.79310344827587,0.017663143891804005,13531.0,239.0,3,0.0247933884,121,1
p4-lab-control,0,432.0,0.005488416275265185,18949.0,104.0,1,0.0086206897,116,1
p4-volunteer-cognition,0,181.8918918918919,0.0,10569.0,0.0,0,0.0,132,0
p5-volunteer-cognition,92.0,250.0,0.03741550070743594,6361.0,238.0,3,0.0361445783,83,1
p6-lab-control,545.0,433.2121212121212,0.01842085148666208,26166.0,482.0,5,0.0216450216,231,1
p6-volunteer-cognition,169.0,302.2,0.008721680342674305,19377.0,169.0,2,0.0145985401,137,1
p6-volunteer-cognition,0,14820.0,0.0,14820.0,0.0,0,0.0,2,0
p7-lab-control,310.0,221.61111111111111,0.02264261193484771,13691.0,310.0,3,0.0194805195,154,1
p7-volunteer-cognition,100.0,472.45454545454544,0.00435369410945187,22969.0,100.0,1,0.0057803468,173,1
p7-volunteer-cognition,0,466.77777777777777,0.0,10281.0,0.0,0,0.0,56,1
p8-volunteer-cognition,0,440.7352941176471,0.0,22657.0,0.0,0,0.0,140,1
A10BH9PYCYUKDJ,0,571.3333333333334,0.0,49146.0,0.0,0,0.0,314,1
A10W3EILX06DFO,58.0,96.73333333333333,0.013564078578110383,4276.0,58.0,1,0.0147058824,68,1
A11EZAV2HRYKD5,0,338.0,0.0,32714.0,0.0,0,0.0,482,1
A11M4E3N6Q8918,0,405.9655172413793,0.0,19898.0,0.0,0,0.0,237,1
A11YS0T8MV3Q7C,335.0,521.0862068965517,0.006981968307935159,49413.0,345.0,2,0.0047961631,417,1
A12HLLXWOQJ14Q,324.2307692307692,207.0,0.26565886146202233,18919.0,5026.0,59,0.2565217391,230,1
A12NT768CR36E5,0,309.0833333333333,0.004108463434675432,17038.0,70.0,1,0.0052356021,191,1
A13WTEQ06V3B6D,332.125,190.19354838709677,0.42979758243330235,13981.0,6009.0,54,0.3829787234,141,1
A160BYMX7X0EPG,601.3333333333334,321.24444444444447,0.060223143950355294,31101.0,1873.0,24,0.0560747664,428,1
A17Q4QN6UE0EZC,0,131.2941176470588,0.0,7890.0,0.0,0,0.0,86,1
A18JFH5XQAUVAK,151.0,120.0,0.044687777448949396,3379.0,151.0,2,0.04,50,0
A18MDEBDC9B19A,0,250.2,0.0,1811.0,0.0,0,0.0,16,0
A19F9CLZ0XWBYR,320.0,203.75,0.06380857427716849,10030.0,640.0,4,0.0380952381,105,1
A19L8SNH73AX1Z,482.5,173.46875,0.06952449567723343,13880.0,965.0,7,0.053030303,132,0
A1B7X75L6JOPGM,0,114.79310344827586,0.0,4819.0,0.0,0,0.0,66,1
A1BASVXQK125PD,254.38888888888889,189.0,0.4374010828821324,12005.0,5251.0,61,0.391025641,156,0
A1CPY1HLCFTIL1,119.5,729.1714285714286,0.006818570451436389,46784.0,319.0,4,0.0088888889,450,1
A1D26DHX9CDRGI,115.66666666666667,155.55555555555554,0.05933652530779754,5848.0,347.0,4,0.0588235294,68,1
A1D41E24S4E4I4,0,346.52702702702703,0.0,33587.0,0.0,0,0.0,362,1
A1FMSDBXC2CYM0,119.0,126.8695652173913,0.035845363347198435,8174.0,293.0,4,0.0322580645,124,0
A1HR8IRDC07FO9,433.06666666666666,295.8965517241379,0.3923518556489645,19508.0,7654.0,87,0.3866666667,225,1
A1IJ6E21R29K53,0,292.3225806451613,0.0,16540.0,0.0,0,0.0,184,1
A1ISZTMNHXPB4C,0,207.13333333333333,0.0,18218.0,0.0,0,0.0,207,1
A1JI19KPIVNL3Y,560.5,188.95454545454547,0.07092243451853726,15806.0,1121.0,11,0.0582010582,189,0
A1JVDJPJN1XHLD,60.0,335.6727272727273,0.0021364477994587666,28084.0,60.0,1,0.0029761905,336,0
A1JWPEUSQYB6XL,165.33333333333334,156.60714285714286,0.05218855218855219,9504.0,496.0,4,0.036036036,111,1
A1K76PLMB0YQT5,1077.75,307.9259259259259,0.1480886306746191,32359.0,4792.0,71,0.1504237288,472,1
A1KGPGSI6I9TQ5,123.0,127.16666666666667,0.08384458077709611,2934.0,246.0,3,0.0789473684,38,1
A1LTVR9DOB62B1,245.25,188.35714285714286,0.074329121113162,14086.0,1047.0,12,0.0745341615,161,0
A1N93G08WP4XH7,316.94736842105266,228.72972972972974,0.32991382847763645,19496.0,6432.0,45,0.2777777778,162,0
A1NQOR4RQJJDMW,120.5,168.34782608695653,0.027084738143403012,8898.0,241.0,3,0.0265486726,113,0
A1OM5NWYYYJKQW,207.625,190.96153846153845,0.2716670311247175,13719.0,3727.0,28,0.2692307692,104,1
A1OZPLHNIU1519,237.0,171.76923076923077,0.019577069221873453,12106.0,237.0,2,0.0153846154,130,1
A1PHDT66U6IK4Q,300.8,337.05970149253733,0.043998478775999765,34183.0,1504.0,19,0.0444964871,427,0
A1QMJNJ5FGC09,600.0,372.625,0.07062114638045215,35032.0,2474.0,15,0.0551470588,272,1
A1T9BJRS4IL8VQ,102.0,103.77777777777777,0.03450608930987822,2956.0,102.0,1,0.0256410256,39,1
A1VGM6OJRPRNCQ,286.6,182.2,0.4002628120893561,7610.0,3046.0,30,0.3409090909,88,1
A1WH32GYQOHIRQ,351.5,399.2916666666667,0.0398763436285771,35259.0,1406.0,24,0.0634920635,378,1
A1WRZX4HNRMVG1,218.75,268.10526315789474,0.03493292877674864,25048.0,875.0,6,0.0266666667,225,0
A1X2SSCWCB9N76,216.0,205.74418604651163,0.018849812374552754,11459.0,216.0,2,0.0170940171,117,0
A1YRYQBQGQRY1Q,317.0,324.47222222222223,0.008520589183958715,37204.0,317.0,4,0.0118694362,337,1
A1YTB9G04PC71S,70.0,218.6304347826087,0.005245803357314149,13344.0,70.0,1,0.0072992701,137,1
A20SL254675EOK,98.125,135.0,0.25155187703221993,3383.0,851.0,12,0.2857142857,42,1
A21ZK49H9LSSRY,240.0,185.38095238095238,0.009330568720379146,20256.0,189.0,2,0.0071942446,278,1
A224ZKQ83DQ3P3,0,218.86363636363637,0.0,6223.0,0.0,0,0.0,73,0
A23KAJRDVCVGOE,104.0,220.20454545454547,0.007652122728276065,13591.0,104.0,1,0.0061728395,162,1
A24LB89P1BPKKF,375.0,260.4074074074074,0.06369805929277295,25197.0,1605.0,14,0.0571428571,245,0
A25TQ73VVCOM4X,393.25,305.72727272727275,0.04440322932576915,36664.0,1628.0,14,0.0308370044,454,1
A28VE2YSRYE3B8,116.0909090909091,127.22222222222223,0.2409133900824213,7401.0,1783.0,23,0.2446808511,94,1
A292T1OXCVXN78,314.5625,139.52631578947367,0.40052208268660927,14174.0,5677.0,56,0.35,160,0
A293JF50QSYCRO,412.0,255.25641025641025,0.031026432713306726,13279.0,412.0,4,0.0245398773,163,1
A2APG8MSLJ6G2K,339.6,196.53333333333333,0.40719655096175106,18092.0,7367.0,82,0.3849765258,213,1
A2G57M3XD1AIBS,204.0,250.06896551724137,0.010250741168785488,19901.0,204.0,3,0.0147783251,203,1
A2H1QUGX0SOUMH,0,149.1904761904762,0.0,8476.0,0.0,0,0.0,117,1
A2HOEI5M6G883O,533.0,444.2307692307692,0.02509425548303401,24667.0,619.0,6,0.0434782609,138,1
A2I6ZALE49CVSC,169.41666666666666,151.14285714285714,0.2460235294117647,10625.0,2614.0,29,0.2543859649,114,0
A2IFHU3P1MF54K,533.0,522.2166666666667,0.034275274539785926,50357.0,1726.0,12,0.0323450135,371,1
A2IQ0QCTQ3KWLT,68.0,299.06451612903226,0.00352477710968277,19292.0,68.0,1,0.01,100,1
A2LLOJFA11FSZF,194.33333333333334,154.7826086956522,0.08737603859555079,7462.0,652.0,9,0.097826087,92,1
A2N9U74YIPDQ9F,181.66666666666666,169.0,0.048120107789041446,7793.0,375.0,3,0.0348837209,86,1
A2OU4N4VBIE91I,320.14285714285717,342.05,0.27087451434803356,29342.0,7948.0,66,0.2619047619,252,0
A2OVX9UW5WANQE,0,231.29090909090908,0.0,16879.0,0.0,0,0.0,220,1
A2PSR3CMNR1R9X,248.0,249.16,0.015037593984962405,16492.0,248.0,2,0.0126582278,158,0
A2QABS5PO2AYES,791.25,492.95454545454544,0.15406162464985995,22491.0,3465.0,30,0.1369863014,219,1
A2RBF3IIJP15IH,373.5,192.15,0.10353430353430354,7215.0,747.0,9,0.1046511628,86,1
A2RC9V49MHS973,241.0,250.45833333333334,0.01683666340645522,14314.0,241.0,3,0.0193548387,155,0
A2UKBPPWF76NCT,164.0,693.6862745098039,0.0028592349802991734,57358.0,164.0,2,0.0025125628,796,0
A2V27A9GZA1NR2,186.5,181.775,0.03383526850507983,11024.0,373.0,3,0.0254237288,118,1
A2VLTSW6CXIUMR,266.6666666666667,500.6666666666667,0.019603038470963,40810.0,800.0,9,0.0245901639,366,1
A2VO8C41JJIQY9,1743.4,453.0483870967742,0.1672806430006698,53748.0,8991.0,76,0.1513944223,502,0
A2VOJULWLB9LYU,237.0,262.4166666666667,0.009369811022376849,25294.0,237.0,2,0.0078740157,254,0
A2WBGRTWOXDE6M,0,413.8125,0.0,35412.0,0.0,0,0.0,200,1
A2XENTYL1D1UOL,370.25,381.17241379310343,0.041603075009892035,35382.0,1472.0,18,0.0368852459,488,0
A2Y87M8V0N1M6P,247.42105263157896,332.1923076923077,0.28078962875662933,20364.0,5718.0,43,0.288590604,149,1
A2YC6PEMIRSOAA,69.0,211.08333333333334,0.006855439642324888,10065.0,69.0,1,0.0082644628,121,0
A2YP60DM1HYTH8,758.25,375.65384615384613,0.11617593602326427,27510.0,3196.0,18,0.0932642487,193,0
A2YTY52FZNII62,196.0,161.91489361702128,0.032434221413205365,12086.0,392.0,5,0.0301204819,166,0
A2Z5A7TCIR8M6E,80.0,207.41935483870967,0.021502399409376153,10836.0,233.0,3,0.0247933884,121,1
A2Z6GCD1ZNCT6Z,55.0,225.97142857142856,0.005123428039124359,10735.0,55.0,1,0.008,125,1
A2ZDEERVRN5AMC,226.76923076923077,180.96296296296296,0.23550439694001574,13987.0,3294.0,30,0.2654867257,113,1
A2ZSL0EDN3H4AT,405.5,307.10714285714283,0.03346952251248401,24231.0,811.0,6,0.0269058296,223,1
A3084P5PROPWOI,0,137.68965517241378,0.0,5611.0,0.0,0,0.0,78,0
A34NDXO56MBC3D,0,137.97058823529412,0.0,6706.0,0.0,0,0.0,77,0
A35J0Z5315SEBK,136.0,240.52,0.007384080790531002,18418.0,136.0,2,0.0090497738,221,1
A35P3396DDWKTT,0,160.375,0.0,10221.0,0.0,0,0.0,126,1
A361512FNHY889,145.0,145.8,0.01661319890009166,8728.0,145.0,2,0.018018018,111,0
A36IB78C6MVA3,374.0,232.625,0.017490529860169295,21383.0,374.0,5,0.0177304965,282,1
A3785TR8D5I81Q,319.0,462.55,0.009738399847240786,57607.0,561.0,6,0.0097244733,617,1
A379B5GPHSV7TX,0,306.1111111111111,0.0,7555.0,0.0,0,0.0,80,0
A37E5WQJFDG6QG,57.0,120.72413793103448,0.012875536480686695,4427.0,57.0,1,0.0196078431,51,1
A38DHLB88V8DL8,0,310.7826086956522,0.0,21641.0,0.0,0,0.0,257,1
A39SK1E6IMQBD5,364.25,435.10869565217394,0.05075240351121638,28708.0,1457.0,16,0.0540540541,296,0
A3A1KP2SJRGNRZ,328.0,261.0,0.016500969431954126,24241.0,400.0,6,0.0169014085,355,1
A3B2YRSMSC2J3T,0,163.88888888888889,0.0,3122.0,0.0,0,0.0,46,1
A3C6TJDUSBLFCX,118.72727272727273,163.78571428571428,0.30989197203982205,4721.0,1463.0,18,0.3272727273,55,1
A3CZZJYU9JI93H,73.71428571428571,153.7,0.08701517706576728,5930.0,516.0,7,0.1044776119,67,0
A3DTG2QEFWI2II,0,178.25,0.0,9205.0,0.0,0,0.0,113,1
A3EQVDHHKZRC0K,129.88888888888889,340.5192307692308,0.08134820820880063,33793.0,2749.0,45,0.0792253521,568,0
A3EU8ENRH654SB,140.0,338.43243243243245,0.0042383143618309515,33032.0,140.0,2,0.0063091483,317,1
A3F7C28TEYK795,229.0,205.140350877193,0.05891877774875947,19145.0,1128.0,14,0.0593220339,236,0
A3FL5SZK2XRTFB,155.05882352941177,153.28571428571428,0.24232619151727153,11435.0,2771.0,33,0.2088607595,158,1
A3FPXYVABXB9IZ,304.0,132.9047619047619,0.040948275862068964,7424.0,304.0,3,0.0333333333,90,1
A3HNEYFOIJWPH1,62.0,185.75409836065575,0.004316045945005221,14365.0,62.0,1,0.0064102564,156,0
A3J6YBLI6HWG6W,0,148.30769230769232,0.0,4211.0,0.0,0,0.0,58,0
A3K0U7YO7V7KZF,0,191.37037037037038,0.0,7324.0,0.0,0,0.0,93,1
A3L95FSCN74FIF,511.5,213.45833333333334,0.0738734835355286,13848.0,1023.0,10,0.0632911392,158,1
A3MHP4LZ3V88NF,0,82.0,0.0,2838.0,0.0,0,0.0,47,1
A3MKSFVTMOF50Y,142.53333333333333,222.61904761904762,0.1886573113011708,12043.0,2272.0,31,0.186746988,166,0
A3NXT3OVGL7QNR,50.0,665.75,0.0011750605156165544,42551.0,50.0,1,0.004,250,1
A3NXW2JI4DU0C0,0,206.96774193548387,0.0,9943.0,0.0,0,0.0,115,1
A3RDJ3UZ9EJP6Y,0,192.27777777777777,0.0,5468.0,0.0,0,0.0,50,1
A3RI9RLBGPG2B6,70.0,115.26315789473684,0.019948703334283273,3509.0,70.0,1,0.0181818182,55,0
A3RMV9ZGFJ0HHF,76.0,423.7586206896552,0.002169259312116455,35035.0,76.0,1,0.0031055901,322,1
A3RVHUY67SVXQV,187.0,263.94444444444446,0.342745958890441,10022.0,3435.0,33,0.375,88,0
A3VHDQR8A9JJ4F,124.0,296.0,0.005944391179290508,20860.0,124.0,2,0.0088888889,225,0
A489K1IFOM4JW,103.0,110.7741935483871,0.016777976869196937,6139.0,103.0,1,0.0119047619,84,1
A4CHLWPHZIP7Y,152.66666666666666,178.36363636363637,0.033154770522658174,13814.0,458.0,6,0.03125,192,1
A4RSIQQ5UOED2,76.0,198.11111111111111,0.0068714833441218945,20083.0,138.0,2,0.0064724919,309,0
A4W9APAHFWVLO,238.0,244.85714285714286,0.013858695652173913,22080.0,306.0,3,0.013215859,227,1
A4W9APAHFWVLO,135.0,343.38775510204084,0.006108597285067873,22100.0,135.0,1,0.0050505051,198,0
A7GT7BIC7ERWE,141.75,152.87878787878788,0.18750642145278948,9733.0,1825.0,24,0.1967213115,122,1
A7SW6SVNJ5V6O,153.5,178.0,0.052904564315352696,10604.0,561.0,6,0.052173913,115,0
A8C3WNWRBWUXO,315.5,559.3611111111111,0.03845367747963444,34249.0,1317.0,18,0.0391304348,460,0
A9KXY0C9JHSZL,80.0,138.27272727272728,0.0,3358.0,0.0,0,0.0,45,1
ACTQSBR4YRLZZ,265.42105263157896,292.35714285714283,0.24734904916308825,22822.0,5645.0,65,0.2398523985,271,0
AE681FG4LT6DV,159.0,93.92307692307692,0.3585374511892084,2817.0,1010.0,10,0.3225806452,31,0
AFJFYJZ849YOZ,268.0,435.7,0.009462636921488788,34874.0,330.0,3,0.0076335878,393,0
AI8E3ZLZ3FO6O,216.0,270.46153846153845,0.05791661080573803,7459.0,432.0,4,0.049382716,81,1
AIA7RZSAONU5M,261.0,432.6333333333333,0.013132654566917515,27108.0,356.0,3,0.0132743363,226,0
AIJG3Z7ATXCTD,0,79.9,0.0,5768.0,0.0,0,0.0,94,0
AK52RXEJKR81A,146.0,186.41666666666666,0.021394523888704133,9021.0,193.0,3,0.027027027,111,0
AKAM01E1R4KAF,131.0,199.5,0.3475266123982467,6388.0,2220.0,29,0.3222222222,90,1
AKK1UCZ1NC5OW,487.0,521.95,0.020116901088460665,48417.0,974.0,11,0.0187713311,586,0
AKNBC1TE88NDO,58.0,355.22641509433964,0.002224694104560623,26071.0,58.0,1,0.0035587189,281,0
AMPR904VJJFZY,84.57142857142857,160.30434782608697,0.0830928330928331,8316.0,691.0,10,0.1162790698,86,0
ANCTZADQC3D75,87.0,195.54545454545453,0.00856552131534902,10157.0,87.0,2,0.0168067227,119,0
ANX6Q4NMZL8EI,290.8235294117647,261.19444444444446,0.2028280196198651,26096.0,5293.0,60,0.2112676056,284,0
AOQU769ZT0JSD,111.0,179.52,0.01592539454806313,6970.0,111.0,2,0.0192307692,104,1
AQMLJYUQCSG22,0,262.1764705882353,0.0,13561.0,0.0,0,0.0,131,0
AQWH9UY6FVU21,441.39130434782606,335.06451612903226,0.3956979207814127,27847.0,11019.0,81,0.4153846154,195,0
ARUXG5FD1Q76F,1031.0,288.65625,0.040069957248348234,25730.0,1031.0,11,0.0416666667,264,1
AT6LDQNLKTUSE,0,172.33333333333334,0.0,10148.0,0.0,0,0.0,115,0
ATA9BBCLTE2HS,56.0,85.75,0.011494252873563218,4872.0,56.0,1,0.0172413793,58,1
AUA3VQ48GSMLF,0,78.0,0.0,573.0,0.0,0,0.0,10,1
AV6J56XKCIG7F,69.0,167.0,0.015724703737465817,4388.0,69.0,1,0.0196078431,51,1
AX3KFUB3F8VOU,0,98.91666666666667,0.0,2453.0,0.0,0,0.0,39,0
AX8NXTT8QMGHC,819.0,258.0357142857143,0.04292677813302584,19079.0,819.0,6,0.032967033,182,1
AXY0D2AMLKE2A,107.66666666666667,140.08695652173913,0.0449672838646805,7183.0,323.0,3,0.0337078652,89,0
AYQTQYOLTNY0Y,62.0,85.66666666666667,0.032274856845393024,1921.0,62.0,1,0.04,25,1
AYY0UC6KCN9RW,283.05882352941177,373.5882352941176,0.21694017539289745,23034.0,4997.0,74,0.212034384,349,0
AYYSG3O9FNU15,147.0,154.16666666666666,0.036431226765799254,4035.0,147.0,2,0.0540540541,37,1
AZS5TQV407VDD,0,195.55555555555554,0.0,3326.0,0.0,0,0.0,49,0
AZU9D7YLCTAYV,238.05882352941177,326.6829268292683,0.14988871456197322,27407.0,4108.0,39,0.1857142857,210,0
p1-lab-control,197.8125,191.52,0.2883699841305826,13233.0,3816.0,35,0.3043478261,115,1
p1-volunteer-cognition,220.44444444444446,140.2,0.42770419426048567,5436.0,2325.0,17,0.34,50,0
p10-volunteer-cognition,121.0,212.06666666666666,0.013092404241506168,18484.0,242.0,4,0.0181818182,220,0
p11-volunteer-cognition,806.75,212.48387096774192,0.11314262582647416,29644.0,3354.0,21,0.0716723549,293,1
p12-volunteer-cognition,205.375,135.56,0.34591312470808033,10705.0,3703.0,44,0.3211678832,137,1
p13-lab-control,323.5,223.8780487804878,0.05440403615724196,23785.0,1294.0,15,0.0493421053,304,0
p13-volunteer-cognition,230.2,225.025,0.1469875536953409,18158.0,2669.0,22,0.1215469613,181,0
p13-volunteer-cognition,0,0,0.0,37429.0,0.0,0,0.0,3,0
p14-lab-control,0,332.1162790697674,0.0,30522.0,0.0,0,0.0,244,0
p14-volunteer-cognition,259.5,340.7,0.13284684367856514,22748.0,3022.0,27,0.1291866029,209,0
p15-lab-control,191.25,165.67741935483872,0.046933929319737396,14318.0,672.0,9,0.0511363636,176,0
p15-volunteer-cognition,0,287.8965517241379,0.0,16637.0,0.0,0,0.0,152,0
p16-lab-control,1238.5,467.8222222222222,0.08531377006268513,58068.0,4954.0,43,0.0686900958,626,0
p16-volunteer-cognition,413.5,958.4318181818181,0.018708333333333334,96000.0,1796.0,18,0.0265486726,678,0
p17-volunteer-cognition,272.5,515.2954545454545,0.013187504536985506,41327.0,545.0,4,0.0165289256,242,0
p18-lab-control,237.0,1283.6296296296296,0.005254648342764754,108856.0,572.0,6,0.0099173554,605,0
p19-volunteer-cognition,135.66666666666666,371.4347826086956,0.02600699267206284,41758.0,1086.0,4,0.0163265306,245,0
p3-lab-control,180.83333333333334,133.5,0.3556051990251828,9848.0,3502.0,45,0.3308823529,136,0
p3-volunteer-cognition,154.1818181818182,236.9,0.11978131212723658,18108.0,2169.0,24,0.1454545455,165,0
p4-lab-control,141.33333333333334,231.85294117647058,0.07702089009990917,16515.0,1272.0,14,0.0979020979,143,1
p4-volunteer-cognition,247.27272727272728,126.59375,0.2796435915010281,10213.0,2856.0,36,0.2686567164,134,0
p5-volunteer-cognition,107.0,535.7777777777778,0.0057478982568289864,37231.0,214.0,3,0.006993007,429,0
p6-lab-control,282.72222222222223,326.734693877551,0.18066084138649383,34562.0,6244.0,68,0.1766233766,385,1
p6-volunteer-cognition,217.0,261.9756097560976,0.07532801646514022,19435.0,1464.0,14,0.0869565217,161,0
p6-volunteer-cognition,0,0,0.0,36101.0,0.0,0,0.0,4,0
p7-lab-control,205.16666666666666,296.6842105263158,0.06151011275391568,22793.0,1402.0,15,0.0641025641,234,1
p7-volunteer-cognition,306.0,549.3823529411765,0.06361155856537033,30419.0,1935.0,17,0.0656370656,259,1
p7-volunteer-cognition,124.33333333333333,438.73333333333335,0.01119380589400396,33322.0,373.0,4,0.0165975104,241,0
p8-volunteer-cognition,513.5882352941177,426.8666666666667,0.3170454913913297,30841.0,9778.0,48,0.2926829268,164,0
A10BH9PYCYUKDJ,239.66666666666666,476.68888888888887,0.023431413675316114,33374.0,782.0,7,0.0330188679,212,0
A10W3EILX06DFO,53.0,108.31111111111112,0.0,7790.0,0.0,0,0.0,138,1
A11EZAV2HRYKD5,60.333333333333336,414.1730769230769,0.010243867857649228,28212.0,289.0,5,0.0125944584,397,1
A11M4E3N6Q8918,1360.0,722.7755102040817,0.059207573346390825,49014.0,2902.0,26,0.0495238095,525,0
A11YS0T8MV3Q7C,877.3333333333334,406.8965517241379,0.0805036031741581,35663.0,2871.0,18,0.0594059406,303,1
A12HLLXWOQJ14Q,0,177.58333333333334,0.0,7781.0,0.0,0,0.0,102,0
A12NT768CR36E5,0,177.13636363636363,0.0,11336.0,0.0,0,0.0,127,1
A13WTEQ06V3B6D,0,278.4375,0.0,7489.0,0.0,0,0.0,69,1
A160BYMX7X0EPG,0,253.9056603773585,0.0,18376.0,0.0,0,0.0,245,0
A17Q4QN6UE0EZC,443.0,154.19230769230768,0.14967081199707388,6835.0,1023.0,9,0.1125,80,0
A18JFH5XQAUVAK,72.0,137.05555555555554,0.010638297872340425,6768.0,72.0,1,0.0120481928,83,0
A18MDEBDC9B19A,0,191.66666666666666,0.0,1361.0,0.0,0,0.0,13,0
A19F9CLZ0XWBYR,182.3846153846154,121.19047619047619,0.31689973927470966,8438.0,2674.0,28,0.3010752688,93,0
A19L8SNH73AX1Z,256.57142857142856,256.7368421052632,0.09512060023163302,19859.0,1889.0,15,0.0815217391,184,0
A1B7X75L6JOPGM,131.6,133.24242424242425,0.12388745334481768,6966.0,863.0,12,0.125,96,0
A1BASVXQK125PD,320.0,238.05882352941177,0.05564894788707901,17251.0,960.0,11,0.047826087,230,0
A1CPY1HLCFTIL1,326.5,664.2203389830509,0.01220925884376636,53484.0,653.0,8,0.015625,512,1
A1D26DHX9CDRGI,76.5,112.52173913043478,0.03444394416929311,4442.0,153.0,2,0.0350877193,57,1
A1D41E24S4E4I4,307.0,292.44642857142856,0.0,23590.0,0.0,0,0.0,265,1
A1FMSDBXC2CYM0,132.0,181.34883720930233,0.01381331100879029,9556.0,132.0,2,0.0147058824,136,1
A1HR8IRDC07FO9,1096.0,308.7878787878788,0.06211391328988382,17645.0,1096.0,11,0.0509259259,216,1
A1IJ6E21R29K53,0,235.23333333333332,0.0,12807.0,0.0,0,0.0,148,0
A1ISZTMNHXPB4C,208.875,202.02083333333334,0.12793667007150153,15664.0,2004.0,21,0.1193181818,176,0
A1JI19KPIVNL3Y,176.625,299.52941176470586,0.08661807724726064,20169.0,1747.0,22,0.0901639344,244,0
A1JVDJPJN1XHLD,105.33333333333333,302.4888888888889,0.013012147416100473,24285.0,316.0,5,0.0173611111,288,1
A1JWPEUSQYB6XL,0,237.88888888888889,0.0,5989.0,0.0,0,0.0,59,0
A1K76PLMB0YQT5,333.88235294117646,588.2692307692307,0.13982197235886626,42690.0,5969.0,89,0.1442463533,617,1
A1KGPGSI6I9TQ5,64.0,106.5,0.014918414918414918,4290.0,64.0,1,0.0192307692,52,0
A1LTVR9DOB62B1,300.0,207.66666666666666,0.4208318132068588,16446.0,6921.0,68,0.3655913978,186,0
A1N93G08WP4XH7,63.0,357.88,0.0033635878270154834,18730.0,63.0,1,0.0065789474,152,0
A1NQOR4RQJJDMW,0,179.27272727272728,0.0,9259.0,0.0,0,0.0,128,0
A1OM5NWYYYJKQW,167.0,226.5,0.03280620764168549,10181.0,334.0,3,0.038961039,77,1
A1OZPLHNIU1519,146.66666666666666,166.5,0.03538399678327302,12435.0,440.0,5,0.0328947368,152,1
A1PHDT66U6IK4Q,0,215.26315789473685,0.0,15543.0,0.0,0,0.0,206,1
A1QMJNJ5FGC09,445.42105263157896,288.42105263157896,0.3046281657831923,32259.0,9827.0,51,0.2217391304,230,0
A1T9BJRS4IL8VQ,119.5,85.0,0.13759355210132412,1737.0,239.0,3,0.1304347826,23,0
A1VGM6OJRPRNCQ,0,162.42857142857142,0.0,9181.0,0.0,0,0.0,111,0
A1WH32GYQOHIRQ,185.33333333333334,619.7714285714286,0.03081527462173696,36086.0,1112.0,9,0.023872679,377,1
A1WRZX4HNRMVG1,205.0,235.62121212121212,0.018680517587023875,21948.0,410.0,5,0.0217391304,230,0
A1X2SSCWCB9N76,0,240.04651162790697,0.0,15797.0,0.0,0,0.0,174,0
A1YRYQBQGQRY1Q,105.33333333333333,365.2340425531915,0.010069145715833413,31383.0,316.0,5,0.018115942,276,0
A1YTB9G04PC71S,294.0,209.675,0.01585162020811991,18547.0,294.0,3,0.015625,192,0
A20SL254675EOK,0,113.93333333333334,0.0,3639.0,0.0,0,0.0,43,0
A21ZK49H9LSSRY,175.66666666666666,189.6304347826087,0.029740338164251208,19872.0,591.0,7,0.024137931,290,1
A224ZKQ83DQ3P3,511.0,238.92857142857142,0.08085698386199221,35940.0,2906.0,28,0.0727272727,385,0
A23KAJRDVCVGOE,0,227.19230769230768,0.0,13114.0,0.0,0,0.0,163,0
A24LB89P1BPKKF,199.2,412.13513513513516,0.10224357933699146,30799.0,3149.0,40,0.1162790698,344,1
A25TQ73VVCOM4X,305.8421052631579,317.1521739130435,0.17970291602718702,36488.0,6557.0,86,0.1765913758,487,0
A28VE2YSRYE3B8,0,116.625,0.0,1352.0,0.0,0,0.0,16,0
A292T1OXCVXN78,0,85.0,0.0,1293.0,0.0,0,0.0,20,1
A293JF50QSYCRO,1036.0,287.97222222222223,0.035363189513926814,29296.0,1036.0,10,0.0307692308,325,1
A2APG8MSLJ6G2K,0,171.21052631578948,0.0,9567.0,0.0,0,0.0,119,1
A2G57M3XD1AIBS,148.0,347.1219512195122,0.013562221271916428,32738.0,444.0,5,0.0129533679,386,0
A2H1QUGX0SOUMH,156.0,148.89473684210526,0.06396063960639606,4878.0,312.0,4,0.0571428571,70,0
A2HOEI5M6G883O,508.6666666666667,606.3888888888889,0.058516263419323825,31205.0,1826.0,7,0.056,125,0
A2I6ZALE49CVSC,463.5,303.3488372093023,0.03361253127379528,27579.0,927.0,10,0.0338983051,295,0
A2IFHU3P1MF54K,166.33333333333334,360.344262295082,0.014488124963707102,34442.0,499.0,5,0.0177304965,282,1
A2IQ0QCTQ3KWLT,204.0,375.02127659574467,0.007780023645169902,26221.0,204.0,1,0.0053191489,188,0
A2LLOJFA11FSZF,0,254.0,0.0,18226.0,0.0,0,0.0,242,0
A2N9U74YIPDQ9F,188.0,202.86666666666667,0.03766402884904337,9983.0,376.0,3,0.032967033,91,0
A2OU4N4VBIE91I,0,290.0652173913044,0.0,24410.0,0.0,0,0.0,237,0
A2OVX9UW5WANQE,312.0,155.44444444444446,0.05589895189465197,11163.0,624.0,7,0.0466666667,150,0
A2PSR3CMNR1R9X,213.71428571428572,239.04347826086956,0.10233258088788563,14619.0,1496.0,13,0.1015625,128,0
A2QABS5PO2AYES,0,531.6111111111111,0.0,11625.0,0.0,0,0.0,107,0
A2RBF3IIJP15IH,0,227.225,0.0,12537.0,0.0,0,0.0,145,0
A2RC9V49MHS973,0,252.5,0.0,5555.0,0.0,0,0.0,61,1
A2UKBPPWF76NCT,0,181.65714285714284,0.0,8956.0,0.0,0,0.0,122,0
A2V27A9GZA1NR2,358.1666666666667,196.89473684210526,0.10832745236414962,19838.0,2149.0,17,0.0971428571,175,1
A2VLTSW6CXIUMR,0,500.94202898550725,0.0,46621.0,0.0,0,0.0,413,1
A2VO8C41JJIQY9,562.5,472.7260273972603,0.02536510376633359,53341.0,1353.0,12,0.0215053763,558,1
A2VOJULWLB9LYU,374.0,347.525,0.0461213472597113,25563.0,1179.0,13,0.0522088353,249,0
A2WBGRTWOXDE6M,1249.5,487.98039215686276,0.07395422997561434,42648.0,3154.0,15,0.0597609562,251,0
A2XENTYL1D1UOL,865.3333333333334,764.5294117647059,0.03420155934161132,86575.0,2961.0,34,0.0275303644,1235,0
A2Y87M8V0N1M6P,391.5,237.14285714285714,0.054265714879756045,14429.0,783.0,6,0.0560747664,107,1
A2YC6PEMIRSOAA,0,161.8695652173913,0.0,6039.0,0.0,0,0.0,84,0
A2YP60DM1HYTH8,232.92857142857142,507.9166666666667,0.10453121857311151,34803.0,3638.0,25,0.0939849624,266,0
A2YTY52FZNII62,220.1,117.5,0.1912634735391847,12339.0,2360.0,27,0.1588235294,170,0
A2Z5A7TCIR8M6E,114.5,264.2631578947368,0.010013555468100923,22869.0,229.0,3,0.0111111111,270,0
A2Z6GCD1ZNCT6Z,320.0,440.9574468085106,0.02939915477430024,32654.0,960.0,8,0.023880597,335,0
A2ZDEERVRN5AMC,0,209.75,0.0,9252.0,0.0,0,0.0,81,1
A2ZSL0EDN3H4AT,373.0,220.7058823529412,0.13355317394888705,21834.0,2916.0,23,0.1095238095,210,0
A3084P5PROPWOI,0,118.6,0.0,3305.0,0.0,0,0.0,37,1
A34NDXO56MBC3D,0,149.5151515151515,0.0,6870.0,0.0,0,0.0,81,0
A35J0Z5315SEBK,305.3333333333333,383.9767441860465,0.031694405037887965,28901.0,916.0,11,0.0310734463,354,1
A35P3396DDWKTT,69.0,365.55102040816325,0.0024098910310142497,28632.0,69.0,1,0.0029498525,339,0
A361512FNHY889,217.0,183.03846153846155,0.010507396654223696,7233.0,76.0,1,0.012987013,77,1
A36IB78C6MVA3,229.0,135.0,0.02454974271012007,9328.0,229.0,3,0.0247933884,121,1
A3785TR8D5I81Q,551.3333333333334,556.1153846153846,0.036879460055309524,51709.0,1907.0,22,0.0383275261,574,1
A379B5GPHSV7TX,0,109.33333333333333,0.0,1466.0,0.0,0,0.0,20,0
A37E5WQJFDG6QG,0,103.8529411764706,0.0,4705.0,0.0,0,0.0,60,0
A38DHLB88V8DL8,924.0,284.0,0.08867431663401437,21438.0,1901.0,23,0.0807017544,285,0
A39SK1E6IMQBD5,469.0,412.0,0.020653180975911057,25904.0,535.0,5,0.0187969925,266,0
A3A1KP2SJRGNRZ,0,157.54545454545453,0.0,8273.0,0.0,0,0.0,114,0
A3B2YRSMSC2J3T,0,95.71428571428571,0.0,2072.0,0.0,0,0.0,30,0
A3C6TJDUSBLFCX,559.0,113.05,0.14625850340136054,3822.0,559.0,6,0.1304347826,46,0
A3CZZJYU9JI93H,204.0,126.0,0.07541589648798522,2705.0,204.0,2,0.0666666667,30,0
A3DTG2QEFWI2II,0,240.04166666666666,0.0,17280.0,0.0,0,0.0,221,0
A3EQVDHHKZRC0K,543.0,511.76190476190476,0.016015809344030203,33904.0,543.0,9,0.0148026316,608,0
A3EU8ENRH654SB,0,342.537037037037,0.0,25430.0,0.0,0,0.0,239,1
A3F7C28TEYK795,0,266.0285714285714,0.0,19797.0,0.0,0,0.0,231,0
A3FL5SZK2XRTFB,209.66666666666666,259.0,0.02490793173088346,25253.0,629.0,8,0.0242424242,330,1
A3FPXYVABXB9IZ,0,168.06666666666666,0.0,5614.0,0.0,0,0.0,82,0
A3HNEYFOIJWPH1,0,183.0,0.0,12419.0,0.0,0,0.0,116,1
A3J6YBLI6HWG6W,110.0,138.3125,0.04294736842105263,4750.0,204.0,3,0.0555555556,54,0
A3K0U7YO7V7KZF,0,338.7567567567568,0.0,19999.0,0.0,0,0.0,231,1
A3L95FSCN74FIF,189.33333333333334,133.35294117647058,0.09374484238323155,6059.0,568.0,6,0.0909090909,66,0
A3MHP4LZ3V88NF,132.0,50.0,0.16136919315403422,1636.0,264.0,4,0.1538461538,26,0
A3MKSFVTMOF50Y,407.0,298.4871794871795,0.024976599832504064,20299.0,507.0,6,0.0276497696,217,0
A3NXT3OVGL7QNR,617.0,663.2558139534884,0.037206940943953874,55151.0,2052.0,17,0.0437017995,389,0
A3NXW2JI4DU0C0,343.5,316.6829268292683,0.0352598713554627,21299.0,751.0,10,0.0448430493,223,0
A3RDJ3UZ9EJP6Y,121.5,495.6,0.0071929668768315426,33783.0,243.0,2,0.007751938,258,0
A3RI9RLBGPG2B6,0,97.75862068965517,0.0,4448.0,0.0,0,0.0,61,1
A3RMV9ZGFJ0HHF,103.0,396.0833333333333,0.005107480227109315,40333.0,206.0,3,0.007751938,387,1
A3RVHUY67SVXQV,0,183.14285714285714,0.0,6461.0,0.0,0,0.0,61,1
A3VHDQR8A9JJ4F,218.93333333333334,282.0882352941176,0.1657754010695187,24123.0,3999.0,47,0.1865079365,252,0
A489K1IFOM4JW,571.0,201.2941176470588,0.13297297297297297,5550.0,738.0,9,0.1323529412,68,1
A4CHLWPHZIP7Y,183.5,176.80769230769232,0.042217876452317955,8693.0,367.0,6,0.045112782,133,1
A4RSIQQ5UOED2,111.44444444444444,141.0909090909091,0.24111056989771068,8212.0,1980.0,30,0.2380952381,126,1
A4W9APAHFWVLO,159.0,270.75,0.015726225211413876,20221.0,318.0,3,0.0142180095,211,0
A4W9APAHFWVLO,368.0,378.9736842105263,0.019470899470899472,18900.0,368.0,4,0.0281690141,142,0
A7GT7BIC7ERWE,197.0,106.42105263157895,0.02469290549009777,7978.0,197.0,3,0.03125,96,1
A7SW6SVNJ5V6O,296.0,209.47222222222223,0.07563587684069611,13446.0,1017.0,11,0.0802919708,137,0
A8C3WNWRBWUXO,735.0,144.7,0.033870398682817826,17006.0,576.0,9,0.038961039,231,1
A9KXY0C9JHSZL,78.0,139.36,0.052099533437014,5144.0,268.0,3,0.0428571429,70,0
ACTQSBR4YRLZZ,56.0,100.33333333333333,0.003971349549677328,14101.0,56.0,1,0.0051020408,196,0
AE681FG4LT6DV,114.0,153.5,0.06350974930362117,1795.0,114.0,1,0.0625,16,0
AFJFYJZ849YOZ,1038.5,666.2903225806451,0.036999478040414584,67055.0,2481.0,26,0.0343007916,758,0
AI8E3ZLZ3FO6O,297.5,251.9047619047619,0.017445227294662677,41444.0,723.0,9,0.0196078431,459,0
AIA7RZSAONU5M,152.0,332.68888888888887,0.014094955489614243,21568.0,304.0,4,0.0209424084,191,0
AIJG3Z7ATXCTD,52.0,147.55,0.016024653312788906,3245.0,52.0,1,0.0238095238,42,0
AK52RXEJKR81A,0,201.36,0.0,6285.0,0.0,0,0.0,76,0
AKAM01E1R4KAF,65.0,131.14814814814815,0.009592680047225502,6776.0,65.0,1,0.011627907,86,1
AKK1UCZ1NC5OW,126.66666666666667,158.82758620689654,0.11631402474274483,8649.0,1006.0,12,0.1111111111,108,0
AKNBC1TE88NDO,1792.0,521.5263157894736,0.039134373427277304,49675.0,1944.0,22,0.041509434,530,0
AMPR904VJJFZY,0,78.0,0.0,597.0,0.0,0,0.0,9,0
ANCTZADQC3D75,59.0,286.1666666666667,0.0,12891.0,0.0,0,0.0,122,1
ANX6Q4NMZL8EI,219.0,307.88235294117646,0.0,11235.0,0.0,0,0.0,128,1
AOQU769ZT0JSD,0,95.6,0.0,3320.0,0.0,0,0.0,52,0
AQMLJYUQCSG22,274.6666666666667,327.0882352941176,0.03582452936828834,23001.0,824.0,5,0.0264550265,189,0
AQWH9UY6FVU21,1408.0,1026.952380952381,0.04576778052268886,30764.0,1408.0,10,0.0588235294,170,0
ARUXG5FD1Q76F,447.0,254.75675675675674,0.10568196764435091,15206.0,1607.0,16,0.0952380952,168,0
AT6LDQNLKTUSE,0,173.9090909090909,0.0,10488.0,0.0,0,0.0,128,0
ATA9BBCLTE2HS,62.5,461.84615384615387,0.013791469194312796,21100.0,291.0,3,0.013215859,227,0
AUA3VQ48GSMLF,0,66.66666666666667,0.0,780.0,0.0,0,0.0,15,0
AV6J56XKCIG7F,155.33333333333334,122.26666666666667,0.060907070971114884,7651.0,466.0,5,0.046728972,107,0
AX3KFUB3F8VOU,87.5,138.2608695652174,0.10719905586152635,5084.0,545.0,8,0.1081081081,74,0
AX8NXTT8QMGHC,671.0,280.2682926829268,0.09903955876759224,21032.0,2083.0,18,0.0909090909,198,0
AXY0D2AMLKE2A,68.5,159.59375,0.01668290306867998,8212.0,137.0,2,0.0198019802,101,1
AYQTQYOLTNY0Y,151.0,107.2,0.04326647564469914,3490.0,151.0,2,0.0377358491,53,0
AYY0UC6KCN9RW,579.0,438.75,0.025472651176215905,27716.0,706.0,11,0.0268292683,410,0
AYYSG3O9FNU15,196.0,168.1818181818182,0.02852153667054715,6872.0,196.0,2,0.0338983051,59,1
AZS5TQV407VDD,153.375,104.55555555555556,0.2857142857142857,4515.0,1290.0,18,0.2857142857,63,0
AZU9D7YLCTAYV,197.0,321.0,0.011195726301432144,17596.0,197.0,2,0.0131578947,152,1
p1-lab-control,165.0,135.33333333333334,0.022409344017384217,7363.0,165.0,2,0.0338983051,59,0
p1-volunteer-cognition,207.0,187.0,0.0635164160785517,3259.0,207.0,2,0.08,25,0
p10-volunteer-cognition,246.0,290.5609756097561,0.020553095496699807,23938.0,492.0,6,0.0202702703,296,0
p11-volunteer-cognition,848.0,287.6470588235294,0.0477822196839901,36771.0,1757.0,10,0.0342465753,292,0
p12-volunteer-cognition,83.0,160.7,0.0067260940032414914,12340.0,83.0,1,0.0058479532,171,1
p13-lab-control,813.5,258.52272727272725,0.0389885951728406,45244.0,1764.0,23,0.0373376623,616,0
p13-volunteer-cognition,235.0,187.63636363636363,0.02032344547262821,11563.0,235.0,1,0.0078740157,127,1
p13-volunteer-cognition,0,0,0.0,37263.0,0.0,0,0.0,2,0
p14-lab-control,0,462.6,0.0,34759.0,0.0,0,0.0,255,0
p14-volunteer-cognition,67.0,358.5263157894737,0.0043514970448788725,15397.0,67.0,1,0.0067114094,149,1
p15-lab-control,150.0,300.09375,0.01287076963282373,30612.0,394.0,4,0.0119760479,334,0
p15-volunteer-cognition,348.0,196.2,0.025307250381790415,13751.0,348.0,4,0.031496063,127,0
p16-lab-control,2069.5,374.0689655172414,0.07682451910919298,59317.0,4557.0,55,0.0787965616,698,0
p16-volunteer-cognition,0,1008.6176470588235,0.0,84173.0,0.0,0,0.0,557,0
p17-volunteer-cognition,0,399.875,0.0,31914.0,0.0,0,0.0,222,0
p18-lab-control,0,1394.1470588235295,0.004079624674529944,83341.0,340.0,1,0.001996008,501,0
p19-volunteer-cognition,301.5,388.43333333333334,0.014610696846966198,52838.0,772.0,8,0.0273972603,292,1
p3-lab-control,239.0,213.83333333333334,0.016736694677871148,14280.0,239.0,2,0.01,200,1
p3-volunteer-cognition,202.0,321.7647058823529,0.010193268405914115,19817.0,202.0,2,0.011627907,172,1
p4-lab-control,0,274.5833333333333,0.0,11920.0,0.0,0,0.0,83,1
p4-volunteer-cognition,0,158.16666666666666,0.0,8022.0,0.0,0,0.0,109,1
p5-volunteer-cognition,0,658.8888888888889,0.0,39961.0,0.0,0,0.0,460,0
p6-lab-control,246.0,290.47058823529414,0.008408819005298239,29255.0,246.0,3,0.0084269663,356,1
p6-volunteer-cognition,0,142.7,0.0,9274.0,0.0,0,0.0,92,1
p6-volunteer-cognition,0,0,0.0,57585.0,0.0,0,0.0,6,0
p7-lab-control,68.0,224.69230769230768,0.00800942285041225,8490.0,68.0,1,0.0095238095,105,1
p7-volunteer-cognition,780.0,573.0,0.03263325244749393,23902.0,780.0,3,0.0145631068,206,1
p7-volunteer-cognition,726.0,316.4642857142857,0.05259916681760551,27605.0,1452.0,12,0.0547945205,219,0
p8-volunteer-cognition,121.0,317.6,0.005832168506290066,20747.0,121.0,1,0.0073529412,136,0
A10BH9PYCYUKDJ,0,547.1315789473684,0.0,47205.0,0.0,0,0.0,324,0
A10W3EILX06DFO,50.0,80.3076923076923,0.053406998158379376,2715.0,145.0,2,0.0392156863,51,1
A11EZAV2HRYKD5,61.0,287.6119402985075,0.0067708511438634884,29243.0,198.0,3,0.0066079295,454,0
A11M4E3N6Q8918,58.0,217.4375,0.005731225296442688,10120.0,58.0,1,0.0101010101,99,1
A11YS0T8MV3Q7C,332.0,538.6153846153846,0.018704598952137486,39509.0,739.0,9,0.0265486726,339,0
A12HLLXWOQJ14Q,0,143.25,0.0,4995.0,0.0,0,0.0,71,1
A12NT768CR36E5,216.83333333333334,115.91666666666667,0.35205479452054794,13140.0,4626.0,55,0.3503184713,157,1
A13WTEQ06V3B6D,170.0,153.35294117647058,0.029299048089998763,8089.0,237.0,2,0.021978022,91,0
A160BYMX7X0EPG,280.0,239.80851063829786,0.22616448326055313,21984.0,4972.0,65,0.2117263844,307,1
A17Q4QN6UE0EZC,0,134.43478260869566,0.0,5336.0,0.0,0,0.0,65,1
A18JFH5XQAUVAK,0,92.6923076923077,0.0,3309.0,0.0,0,0.0,50,0
A18MDEBDC9B19A,0,95.25,0.0,864.0,0.0,0,0.0,9,0
A19F9CLZ0XWBYR,363.5,156.56,0.20725995316159251,7686.0,1593.0,13,0.1382978723,94,0
A19L8SNH73AX1Z,1344.0,184.75510204081633,0.09150949819568326,14687.0,1344.0,7,0.052238806,134,0
A1B7X75L6JOPGM,0,78.22222222222223,0.0,1241.0,0.0,0,0.0,18,1
A1BASVXQK125PD,0,105.25,0.0,3830.0,0.0,0,0.0,67,1
A1CPY1HLCFTIL1,775.5,849.6666666666666,0.24088302919176927,68718.0,16553.0,168,0.2304526749,729,0
A1D26DHX9CDRGI,124.0,74.6,0.0,3062.0,0.0,0,0.0,41,1
A1D41E24S4E4I4,184.2,373.3,0.10083259947161957,24982.0,2519.0,25,0.0909090909,275,0
A1FMSDBXC2CYM0,187.0,101.8,0.054061867591789534,3459.0,187.0,3,0.0555555556,54,0
A1HR8IRDC07FO9,0,258.4166666666667,0.0,16493.0,0.0,0,0.0,223,1
A1IJ6E21R29K53,0,257.6060606060606,0.0,10365.0,0.0,0,0.0,121,0
A1ISZTMNHXPB4C,59.0,128.05714285714285,0.00891508008461771,6618.0,59.0,1,0.0113636364,88,1
A1JI19KPIVNL3Y,203.75,218.74418604651163,0.05950208074760897,13697.0,815.0,8,0.0526315789,152,0
A1JVDJPJN1XHLD,282.0,308.06,0.025514589459398326,22105.0,564.0,5,0.0203252033,246,0
A1JWPEUSQYB6XL,0,134.47058823529412,0.0,2862.0,0.0,0,0.0,33,0
A1K76PLMB0YQT5,436.5,368.3333333333333,0.06160842210178783,32106.0,1978.0,32,0.0634920635,504,0
A1KGPGSI6I9TQ5,138.0,147.07142857142858,0.0192414947016174,7172.0,138.0,2,0.0215053763,93,1
A1LTVR9DOB62B1,210.25,270.2456140350877,0.03483559438951483,26094.0,909.0,11,0.0372881356,295,0
A1N93G08WP4XH7,68.0,245.45454545454547,0.004334246924596851,15689.0,68.0,1,0.0072992701,137,0
A1NQOR4RQJJDMW,0,98.91666666666667,0.0,3762.0,0.0,1,0.015625,64,0
A1OM5NWYYYJKQW,174.0,188.83333333333334,0.015306122448979591,11368.0,174.0,1,0.0105263158,95,0
A1OZPLHNIU1519,350.3333333333333,200.4255319148936,0.06785460649493189,15489.0,1051.0,13,0.0722222222,180,1
A1PHDT66U6IK4Q,480.0,243.0,0.04709495776810852,11721.0,552.0,7,0.0469798658,149,0
A1QMJNJ5FGC09,396.0,336.3692307692308,0.02299519274931872,32659.0,751.0,5,0.0183150183,273,0
A1T9BJRS4IL8VQ,169.5,108.18181818181819,0.12410071942446044,3336.0,414.0,5,0.1136363636,44,0
A1VGM6OJRPRNCQ,0,156.0,0.0,3093.0,0.0,0,0.0,47,0
A1WH32GYQOHIRQ,81.5,324.06666666666666,0.005737618360378754,28409.0,163.0,2,0.0061919505,323,1
A1WRZX4HNRMVG1,213.0,294.875,0.013723342568133496,15521.0,213.0,2,0.0122699387,163,0
A1X2SSCWCB9N76,121.66666666666667,291.17857142857144,0.04309832362382594,16822.0,725.0,7,0.0374331551,187,0
A1YRYQBQGQRY1Q,0,386.95,0.0,23026.0,0.0,0,0.0,219,0
A1YTB9G04PC71S,186.5,166.72222222222223,0.03850123864574732,9688.0,373.0,5,0.0434782609,115,1
A20SL254675EOK,0,186.5,0.0,1780.0,0.0,0,0.0,21,1
A21ZK49H9LSSRY,0,187.6315789473684,0.0,11507.0,0.0,0,0.0,163,1
A224ZKQ83DQ3P3,0,119.85714285714286,0.0,3918.0,0.0,0,0.0,51,0
A23KAJRDVCVGOE,56.0,144.20689655172413,0.006683375104427736,8379.0,56.0,1,0.0089285714,112,0
A24LB89P1BPKKF,112.75,330.2,0.012605159451074653,35779.0,451.0,7,0.0146750524,477,0
A25TQ73VVCOM4X,138.0,240.50704225352112,0.0166525883914565,24861.0,414.0,4,0.0118343195,338,0
A28VE2YSRYE3B8,136.0,108.14285714285714,0.029545948294590483,4603.0,136.0,2,0.0338983051,59,0
A292T1OXCVXN78,171.0,165.36111111111111,0.01634486713821449,10462.0,171.0,2,0.016,125,0
A293JF50QSYCRO,741.0,314.4186046511628,0.03546472671580358,20894.0,741.0,9,0.0324909747,277,0
A2APG8MSLJ6G2K,67.0,180.975,0.013893208916537066,9645.0,134.0,2,0.0165289256,121,1
A2G57M3XD1AIBS,469.88235294117646,275.14285714285717,0.3964447736320711,21602.0,8564.0,110,0.355987055,309,1
A2H1QUGX0SOUMH,129.0,75.3103448275862,0.04738604172031934,3883.0,184.0,3,0.0454545455,66,1
A2HOEI5M6G883O,0,464.2,0.0,21725.0,0.0,1,0.0090909091,110,1
A2I6ZALE49CVSC,0,168.41666666666666,0.0,10306.0,0.0,0,0.0,101,1
A2IFHU3P1MF54K,93.0,354.13513513513516,0.0036130536130536133,25740.0,93.0,1,0.004,250,1
A2IQ0QCTQ3KWLT,0,269.4230769230769,0.0,25824.0,0.0,0,0.0,207,0
A2LLOJFA11FSZF,163.25,107.5,0.29494614747307374,2414.0,712.0,9,0.3,30,1
A2N9U74YIPDQ9F,153.8,195.72413793103448,0.21808834472028682,14783.0,3224.0,33,0.2244897959,147,0
A2OU4N4VBIE91I,1171.0,236.02325581395348,0.04326163994245816,28501.0,1233.0,12,0.0456273764,263,1
A2OVX9UW5WANQE,0,213.62962962962962,0.0,15072.0,0.0,0,0.0,192,1
A2PSR3CMNR1R9X,377.0,185.19672131147541,0.052318437560628595,15463.0,809.0,7,0.0451612903,155,0
A2QABS5PO2AYES,73.0,184.14285714285714,0.01806036615536863,4042.0,73.0,1,0.0192307692,52,0
A2RBF3IIJP15IH,235.8235294117647,279.45,0.3797909407665505,11193.0,4251.0,50,0.390625,128,1
A2RC9V49MHS973,0,406.0416666666667,0.0,12420.0,0.0,0,0.0,135,1
A2UKBPPWF76NCT,380.06666666666666,245.325,0.3077840607881251,22636.0,6967.0,101,0.2970588235,340,1
A2V27A9GZA1NR2,150.5,239.08,0.015564403536894358,19339.0,301.0,3,0.0154639175,194,1
A2VLTSW6CXIUMR,358.7368421052632,454.74418604651163,0.2048430240743348,35515.0,7275.0,74,0.2,370,1
A2VO8C41JJIQY9,322.0,405.34615384615387,0.008811778227792676,36542.0,322.0,4,0.0102564103,390,1
A2VOJULWLB9LYU,101.0,302.52777777777777,0.011779799393515278,17148.0,202.0,3,0.0171428571,175,0
A2WBGRTWOXDE6M,342.0,494.02564102564105,0.03156254711765593,39794.0,1256.0,3,0.0120481928,249,1
A2XENTYL1D1UOL,1058.5,414.81481481481484,0.03992437314145159,54478.0,2175.0,26,0.0340760157,763,0
A2Y87M8V0N1M6P,0,255.0,0.0,19979.0,0.0,0,0.0,149,0
A2YC6PEMIRSOAA,203.0,117.64,0.04189021873710277,4846.0,203.0,3,0.0447761194,67,0
A2YP60DM1HYTH8,250.5,369.42105263157896,0.018133830150597732,32205.0,584.0,4,0.015037594,266,0
A2YTY52FZNII62,68.0,131.58,0.007174509390166702,9478.0,68.0,1,0.0076335878,131,1
A2Z5A7TCIR8M6E,120.5,126.72,0.03193321849741619,7547.0,241.0,3,0.0309278351,97,0
A2Z6GCD1ZNCT6Z,378.77777777777777,230.5625,0.3567248746052387,21532.0,7681.0,74,0.3775510204,196,1
A2ZDEERVRN5AMC,476.0,216.925,0.03204092622509424,14856.0,476.0,2,0.0136054422,147,1
A2ZSL0EDN3H4AT,190.5,261.2878787878788,0.014665691520073906,25979.0,381.0,3,0.0111111111,270,0
A3084P5PROPWOI,0,108.07692307692308,0.0,2363.0,0.0,0,0.0,37,1
A34NDXO56MBC3D,106.375,117.92857142857143,0.21511429546229954,5862.0,1261.0,17,0.2236842105,76,0
A35J0Z5315SEBK,306.0,185.7843137254902,0.01783216783216783,17160.0,306.0,4,0.0181818182,220,1
A35P3396DDWKTT,101.0,129.43478260869566,0.010218535006070418,9884.0,101.0,1,0.0075757576,132,0
A361512FNHY889,188.5,193.4,0.07917673002205187,9523.0,754.0,8,0.0824742268,97,1
A36IB78C6MVA3,119.91666666666667,136.33333333333334,0.2542290961817303,6207.0,1578.0,21,0.2441860465,86,1
A3785TR8D5I81Q,889.3333333333334,794.4769230769231,0.034627798815665745,78694.0,2725.0,31,0.0354285714,875,1
A379B5GPHSV7TX,0,131.92307692307693,0.0,4387.0,0.0,0,0.0,43,0
A37E5WQJFDG6QG,621.0,123.6923076923077,0.07313626192439053,8491.0,621.0,9,0.0818181818,110,0
A38DHLB88V8DL8,360.0,236.61904761904762,0.016931615087950335,21262.0,360.0,4,0.013559322,295,0
A39SK1E6IMQBD5,276.90909090909093,501.7857142857143,0.10915451203604885,33732.0,3682.0,44,0.1246458924,353,0
A3A1KP2SJRGNRZ,255.58823529411765,160.35714285714286,0.3671555492878296,14182.0,5207.0,71,0.3397129187,209,1
A3B2YRSMSC2J3T,0,96.05882352941177,0.0,2404.0,0.0,0,0.0,34,0
A3C6TJDUSBLFCX,0,180.66666666666666,0.0,1853.0,0.0,0,0.0,18,0
A3CZZJYU9JI93H,101.0,169.5,0.03114400246685168,3243.0,101.0,1,0.0294117647,34,0
A3DTG2QEFWI2II,0,154.93333333333334,0.0,2766.0,0.0,0,0.0,33,0
A3EQVDHHKZRC0K,109.5,257.32394366197184,0.007541322314049587,29040.0,219.0,4,0.0080808081,495,1
A3EU8ENRH654SB,77.0,456.4,0.026003559422582558,20228.0,526.0,7,0.0360824742,194,1
A3F7C28TEYK795,151.8181818181818,211.52777777777777,0.10753431420953885,20254.0,2178.0,25,0.0954198473,262,0
A3FL5SZK2XRTFB,147.0,150.72727272727272,0.01163895486935867,12630.0,147.0,2,0.011627907,172,1
A3FPXYVABXB9IZ,69.0,167.70833333333334,0.006350082827167311,10866.0,69.0,1,0.0073529412,136,0
A3HNEYFOIJWPH1,329.5,231.61764705882354,0.05979493693857182,11021.0,659.0,4,0.0344827586,116,0
A3J6YBLI6HWG6W,89.0,95.5,0.0676634566649772,3946.0,267.0,3,0.0508474576,59,0
A3K0U7YO7V7KZF,106.0,96.66666666666667,0.34485407066052226,2604.0,898.0,12,0.2926829268,41,1
A3L95FSCN74FIF,93.33333333333333,167.76923076923077,0.028717948717948718,9750.0,280.0,3,0.0229007634,131,0
A3MHP4LZ3V88NF,0,100.66666666666667,0.0,1476.0,0.0,0,0.0,24,0
A3MKSFVTMOF50Y,120.0,205.30232558139534,0.008008278220182661,22227.0,178.0,3,0.0097087379,309,0
A3NXT3OVGL7QNR,760.5,632.2307692307693,0.03782301140464848,41562.0,1572.0,14,0.038147139,367,1
A3NXW2JI4DU0C0,239.4375,222.72222222222223,0.22433189106642912,19645.0,4407.0,43,0.2028301887,212,1
A3RDJ3UZ9EJP6Y,278.6666666666667,311.70588235294116,0.18358281881579533,22513.0,4133.0,42,0.1935483871,217,1
A3RI9RLBGPG2B6,0,82.6,0.0,3140.0,0.0,0,0.0,47,1
A3RMV9ZGFJ0HHF,340.0,456.9818181818182,0.021124797948832284,35882.0,758.0,9,0.0255681818,352,0
A3RVHUY67SVXQV,69.0,167.35294117647058,0.007920110192837466,8712.0,69.0,1,0.0120481928,83,0
A3VHDQR8A9JJ4F,90.0,216.59259259259258,0.014332181337670257,19676.0,282.0,4,0.0179372197,223,0
A489K1IFOM4JW,52.0,231.28571428571428,0.005574614065180103,9328.0,52.0,1,0.0089285714,112,0
A4CHLWPHZIP7Y,242.10526315789474,176.48275862068965,0.27727577838591416,19367.0,5370.0,74,0.2690909091,275,0
A4RSIQQ5UOED2,0,75.8,0.0,2390.0,0.0,0,0.0,45,0
A4W9APAHFWVLO,68.0,207.0,0.009969212725406832,13642.0,136.0,2,0.0129032258,155,0
A4W9APAHFWVLO,79.0,283.2857142857143,0.004148288174753203,19044.0,79.0,1,0.0060606061,165,0
A7GT7BIC7ERWE,60.0,129.09375,0.008805400645729381,6814.0,60.0,1,0.0114942529,87,0
A7SW6SVNJ5V6O,272.0,253.4090909090909,0.04594594594594595,11840.0,544.0,4,0.0363636364,110,0
A8C3WNWRBWUXO,0,400.72340425531917,0.0,28755.0,0.0,0,0.0,380,1
A9KXY0C9JHSZL,0,101.0,0.0,2426.0,0.0,0,0.0,33,1
ACTQSBR4YRLZZ,166.0,210.75471698113208,0.016345822460735564,20311.0,332.0,5,0.0183150183,273,1
AE681FG4LT6DV,81.5,212.57142857142858,0.07010752688172044,2325.0,163.0,2,0.08,25,0
AFJFYJZ849YOZ,135.5,182.06666666666666,0.018960330231581893,14293.0,271.0,3,0.0144230769,208,0
AI8E3ZLZ3FO6O,70.0,107.6875,0.03098716246126605,2259.0,70.0,1,0.03125,32,0
AIA7RZSAONU5M,0,334.6666666666667,0.0,19504.0,0.0,0,0.0,193,1
AIJG3Z7ATXCTD,127.5,78.1,0.14018691588785046,1819.0,255.0,4,0.1428571429,28,0
AK52RXEJKR81A,174.66666666666666,189.6153846153846,0.2066892145809846,7983.0,1650.0,21,0.2282608696,92,0
AKAM01E1R4KAF,0,101.33333333333333,0.0,2450.0,0.0,0,0.0,33,0
AKK1UCZ1NC5OW,0,150.36170212765958,0.007630561886829848,10091.0,77.0,1,0.0078740157,127,0
AKNBC1TE88NDO,442.0,409.25454545454545,0.016302617334267338,31406.0,512.0,5,0.0159235669,314,0
AMPR904VJJFZY,0,110.46666666666667,0.0,7158.0,0.0,0,0.0,85,1
ANCTZADQC3D75,198.28571428571428,212.92307692307693,0.2690852819807428,11632.0,3130.0,39,0.314516129,124,1
ANX6Q4NMZL8EI,166.0,271.7659574468085,0.008385956049507452,19795.0,166.0,1,0.0044843049,223,1
AOQU769ZT0JSD,209.6875,125.41666666666667,0.3611725132148006,10405.0,3758.0,55,0.3353658537,164,1
AQMLJYUQCSG22,372.8888888888889,334.3333333333333,0.26321503698174664,14737.0,3879.0,31,0.219858156,141,1
AQWH9UY6FVU21,717.0,255.1764705882353,0.022651881338261775,31653.0,717.0,4,0.015037594,266,1
ARUXG5FD1Q76F,323.0,312.0731707317073,0.039517563361494,17992.0,711.0,9,0.0420560748,214,1
AT6LDQNLKTUSE,0,246.06896551724137,0.0,12328.0,0.0,0,0.0,138,0
ATA9BBCLTE2HS,0,199.1,0.0,2950.0,0.0,0,0.0,34,0
AUA3VQ48GSMLF,0,67.0,0.0,67.0,0.0,0,0.0,1,1
AV6J56XKCIG7F,441.5,167.4,0.14722753346080306,7322.0,1078.0,10,0.1123595506,89,0
AX3KFUB3F8VOU,0,70.0,0.08432304038004751,842.0,71.0,1,0.0714285714,14,0
AX8NXTT8QMGHC,126.0,237.21875,0.010721579305650103,11752.0,126.0,2,0.015503876,129,0
AXY0D2AMLKE2A,319.0,177.33333333333334,0.053095872170439415,6008.0,319.0,4,0.0506329114,79,0
AYQTQYOLTNY0Y,0,99.5,0.0,2412.0,0.0,0,0.0,34,0
AYY0UC6KCN9RW,0,190.28070175438597,0.0,16578.0,0.0,0,0.0,259,1
AYYSG3O9FNU15,0,172.16666666666666,0.0,5282.0,0.0,0,0.0,45,1
AZS5TQV407VDD,98.0,93.0,0.09954291518537328,1969.0,196.0,3,0.0967741935,31,0
AZU9D7YLCTAYV,685.0,245.25862068965517,0.029593467836004667,23147.0,685.0,3,0.0138248848,217,1
p1-lab-control,102.0,189.38709677419354,0.011263250883392226,9056.0,102.0,1,0.01,100,1
p1-volunteer-cognition,0,99.66666666666667,0.0,3066.0,0.0,0,0.0,32,0
p10-volunteer-cognition,210.0,218.93333333333334,0.010455563853622106,20085.0,210.0,3,0.0113636364,264,0
p11-volunteer-cognition,212.5,366.86764705882354,0.012226345617214694,34761.0,425.0,5,0.017921147,279,0
p12-volunteer-cognition,86.0,238.6153846153846,0.0047079432857064655,18267.0,86.0,1,0.0040650407,246,1
p13-lab-control,574.0,298.056338028169,0.03377799872952744,36207.0,1223.0,18,0.0358565737,502,1
p13-volunteer-cognition,393.0,206.65,0.05031688112156712,15621.0,786.0,8,0.0470588235,170,0
p13-volunteer-cognition,0,44184.0,0.0,44184.0,0.0,0,0.0,2,1
p14-lab-control,0,450.81666666666666,0.0,35189.0,0.0,0,0.0,279,0
p14-volunteer-cognition,67.5,266.6829268292683,0.008177853162103222,16508.0,135.0,2,0.0120481928,166,1
p15-lab-control,62.0,201.3125,0.004543123030702719,13647.0,62.0,1,0.0064516129,155,0
p15-volunteer-cognition,91.0,296.31111111111113,0.005096611593391207,17855.0,91.0,1,0.0057471264,174,0
p16-lab-control,96.0,468.73770491803276,0.0021156558533145277,45376.0,96.0,1,0.0019120459,523,1
p16-volunteer-cognition,1148.5,1258.876923076923,0.021173238943273786,108486.0,2297.0,17,0.020631068,824,0
p17-volunteer-cognition,239.0,393.7903225806452,0.015236516639041183,31372.0,478.0,4,0.0151515152,264,0
p18-lab-control,698.0,1121.6753246753246,0.01188929313929314,123136.0,1464.0,14,0.0146290491,957,0
p19-volunteer-cognition,491.0,891.3333333333334,0.018791318260029582,66254.0,1245.0,11,0.0252873563,435,0
p3-lab-control,0,123.0,0.0,8374.0,0.0,0,0.0,115,0
p3-volunteer-cognition,0,200.52,0.0,15041.0,0.0,0,0.0,141,0
p4-lab-control,64.0,309.3673469387755,0.003089996137504828,20712.0,64.0,1,0.0056179775,178,1
p4-volunteer-cognition,0,162.3684210526316,0.0,8797.0,0.0,0,0.0,119,1
p5-volunteer-cognition,0,559.3846153846154,0.0,47650.0,0.0,0,0.0,588,0
p6-lab-control,65.0,247.27586206896552,0.002672587475843921,24321.0,65.0,1,0.0035460993,282,1
p6-volunteer-cognition,138.0,217.55263157894737,0.019077901430842606,14467.0,276.0,3,0.0227272727,132,1
p6-volunteer-cognition,0,37508.0,0.0,37508.0,0.0,0,0.0,6,1
p7-lab-control,184.5,241.82456140350877,0.014010707369859893,26337.0,369.0,4,0.0127795527,313,1
p7-volunteer-cognition,408.0,230.18367346938774,0.022185970636215333,18390.0,408.0,1,0.0049261084,203,1
p7-volunteer-cognition,422.5,273.57142857142856,0.041305376005044935,25372.0,1048.0,8,0.040201005,199,0
p8-volunteer-cognition,108.0,299.76666666666665,0.007476117956527759,14446.0,108.0,1,0.0091743119,109,1
