id,in_span_mean,out_span_mean,relative_TRT,token_count,token_avg_length,Text_TRT,Target_TRT,Fix_Target,target_to_fixation_ratio,Fix_Total,Correct_Flag
A10BH9PYCYUKDJ,436.14285714285717,634.0,0.09963498503908637,213,4.985915492957746,63833.0,6360.0,42,0.1144414169,367,1
A10W3EILX06DFO,55.57142857142857,102.32142857142857,0.04390023699356732,199,5.296482412060302,8861.0,389.0,7,0.0479452055,146,1
A11EZAV2HRYKD5,161.75,137.77083333333334,0.06739583333333334,184,4.853260869565218,9600.0,647.0,6,0.0454545455,132,1
A11YS0T8MV3Q7C,679.4615384615385,460.3,0.14980065181067712,213,4.985915492957746,60447.0,9055.0,46,0.1069767442,430,1
A12HLLXWOQJ14Q,283.10526315789474,376.01612903225805,0.15036519957954883,213,4.985915492957746,37103.0,5579.0,67,0.1519274376,441,1
A12NT768CR36E5,96.0,189.0625,0.020349761526232114,199,5.296482412060302,9435.0,192.0,2,0.0181818182,110,0
A13WTEQ06V3B6D,187.0,237.46938775510205,0.019241652518392757,218,4.784403669724771,19437.0,374.0,3,0.0153846154,195,1
A160BYMX7X0EPG,310.8333333333333,310.55172413793105,0.061891772338543205,199,5.296482412060302,27128.0,1679.0,21,0.0625,336,1
A17Q4QN6UE0EZC,135.0,254.15686274509804,0.022937333655939994,213,4.985915492957746,20665.0,474.0,6,0.0280373832,214,1
A18JFH5XQAUVAK,75.0,131.0,0.02704652001442481,184,4.853260869565218,5546.0,150.0,2,0.0281690141,71,1
A19F9CLZ0XWBYR,116.0,195.42857142857142,0.024370192025368487,213,4.985915492957746,17029.0,415.0,6,0.0320855615,187,1
A19L8SNH73AX1Z,360.0,328.6666666666667,0.03739439650291047,199,5.296482412060302,44151.0,1651.0,13,0.0372492837,349,1
A1B7X75L6JOPGM,121.66666666666667,90.125,0.13845702552068054,184,4.853260869565218,3409.0,472.0,7,0.1489361702,47,1
A1BASVXQK125PD,88.0,211.20289855072463,0.013914693441910108,213,4.985915492957746,25297.0,352.0,5,0.0183150183,273,1
A1CPY1HLCFTIL1,409.75,1249.5873015873017,0.014295395435730246,199,5.296482412060302,109196.0,1561.0,14,0.0149892934,934,1
A1D26DHX9CDRGI,109.75,112.7,0.06944804353459445,199,5.296482412060302,3859.0,268.0,2,0.0392156863,51,1
A1D41E24S4E4I4,152.0,358.0379746835443,0.026493620550852626,199,5.296482412060302,40991.0,1086.0,12,0.0281030445,427,1
A1HR8IRDC07FO9,1574.0,1139.7450980392157,0.062367502870771134,184,4.853260869565218,181136.0,11297.0,110,0.0596529284,1844,0
A1IJ6E21R29K53,229.23076923076923,186.61111111111111,0.17893996247654784,199,5.296482412060302,17056.0,3052.0,39,0.1902439024,205,0
A1ISZTMNHXPB4C,510.42857142857144,251.4367816091954,0.10606921719362268,184,4.853260869565218,33431.0,3546.0,35,0.0918635171,381,1
A1JI19KPIVNL3Y,218.33333333333334,324.25,0.02098282931829831,213,4.985915492957746,31216.0,655.0,9,0.0252808989,356,0
A1JWPEUSQYB6XL,82.25,194.28571428571428,0.04603330068560235,199,5.296482412060302,7147.0,329.0,4,0.0727272727,55,0
A1K76PLMB0YQT5,0,642.4492753623189,0.0,199,5.296482412060302,78720.0,0.0,0,0.0,923,1
A1KGPGSI6I9TQ5,278.0,149.26829268292684,0.05285171102661597,199,5.296482412060302,10520.0,556.0,5,0.0427350427,117,1
A1LTVR9DOB62B1,0,486.1875,0.0,199,5.296482412060302,45496.0,0.0,0,0.0,417,1
A1N93G08WP4XH7,0,255.0,0.0,184,4.853260869565218,19456.0,0.0,0,0.0,154,1
A1OM5NWYYYJKQW,228.0,334.8813559322034,0.02329954218443427,218,4.784403669724771,36696.0,855.0,7,0.0324074074,216,1
A1OZPLHNIU1519,70.0,133.54545454545453,0.01042364678728315,184,4.853260869565218,13431.0,140.0,2,0.0125786164,159,1
A1PHDT66U6IK4Q,337.75,463.3333333333333,0.032091762922819025,199,5.296482412060302,87094.0,2795.0,34,0.0325047801,1046,1
A1QMJNJ5FGC09,0,534.9479166666666,0.0,199,5.296482412060302,84092.0,0.0,0,0.0,645,1
A1T9BJRS4IL8VQ,0,92.16129032258064,0.0,199,5.296482412060302,4694.0,0.0,0,0.0,62,1
A1VGM6OJRPRNCQ,78.0,145.71428571428572,0.013133524162316888,213,4.985915492957746,5939.0,78.0,1,0.0131578947,76,0
A1WH32GYQOHIRQ,50.0,260.51162790697674,0.0016212185078304854,199,5.296482412060302,30841.0,50.0,1,0.0033112583,302,1
A1WRZX4HNRMVG1,144.25,438.6818181818182,0.012912115953863428,199,5.296482412060302,39188.0,506.0,5,0.0161812298,309,1
A1YRYQBQGQRY1Q,62.0,424.55434782608694,0.006063825889422197,199,5.296482412060302,54586.0,331.0,5,0.0110619469,452,1
A1YTB9G04PC71S,238.66666666666666,247.61971830985917,0.032467238017503286,184,4.853260869565218,22053.0,716.0,6,0.027027027,222,1
A20SL254675EOK,107.57142857142857,113.5,0.08992118461905899,213,4.985915492957746,8374.0,753.0,9,0.0927835052,97,1
A23KAJRDVCVGOE,120.0,229.8227848101266,0.009043635541487679,184,4.853260869565218,26538.0,240.0,3,0.009009009,333,1
A24LB89P1BPKKF,116.0,355.3424657534247,0.003154917319408181,199,5.296482412060302,36768.0,116.0,1,0.0027700831,361,1
A25TQ73VVCOM4X,429.6666666666667,306.8484848484849,0.0413450096115705,199,5.296482412060302,32773.0,1355.0,14,0.0433436533,323,1
A28VE2YSRYE3B8,251.8,271.6842105263158,0.058230424124693585,184,4.853260869565218,21621.0,1259.0,13,0.0528455285,246,0
A292T1OXCVXN78,131.75,166.9512195121951,0.08029252685305097,213,4.985915492957746,13127.0,1054.0,11,0.0780141844,141,1
A293JF50QSYCRO,288.6,294.09090909090907,0.08248921630397907,184,4.853260869565218,20633.0,1702.0,17,0.0798122066,213,1
A2APG8MSLJ6G2K,520.0,386.69767441860466,0.07109826589595376,218,4.784403669724771,27680.0,1968.0,20,0.0643086817,311,0
A2G57M3XD1AIBS,170.0,290.52941176470586,0.010626024652377193,199,5.296482412060302,32938.0,350.0,3,0.0096463023,311,0
A2H1QUGX0SOUMH,397.5,156.6875,0.05027191096496775,199,5.296482412060302,15814.0,795.0,10,0.0476190476,210,1
A2HOEI5M6G883O,781.3333333333334,551.5593220338983,0.040868795806273894,199,5.296482412060302,59899.0,2448.0,6,0.0263157895,228,1
A2I6ZALE49CVSC,236.64285714285714,198.34146341463415,0.20105059441526127,213,4.985915492957746,18085.0,3636.0,33,0.1833333333,180,1
A2IFHU3P1MF54K,547.2941176470588,628.6829268292682,0.10952898758083901,213,4.985915492957746,87365.0,9569.0,44,0.0852713178,516,1
A2IQ0QCTQ3KWLT,300.8333333333333,501.27142857142854,0.040814019219898245,218,4.784403669724771,44225.0,1805.0,12,0.06,200,1
A2LLOJFA11FSZF,87.0,152.61904761904762,0.06074498567335244,199,5.296482412060302,5235.0,318.0,4,0.0588235294,68,1
A2N9U74YIPDQ9F,136.25,189.85454545454544,0.036396420462134364,184,4.853260869565218,14974.0,545.0,4,0.0305343511,131,1
A2OU4N4VBIE91I,255.25,289.72151898734177,0.04077160596301338,184,4.853260869565218,30119.0,1228.0,8,0.0330578512,242,1
A2OVX9UW5WANQE,191.66666666666666,243.58928571428572,0.019385725363271634,213,4.985915492957746,29661.0,575.0,7,0.0189701897,369,0
A2PSR3CMNR1R9X,458.25,330.375,0.10063411018693898,199,5.296482412060302,36429.0,3666.0,16,0.062745098,255,1
A2QABS5PO2AYES,382.85714285714283,279.8529411764706,0.1259442184776293,199,5.296482412060302,20652.0,2601.0,19,0.1233766234,154,0
A2RBF3IIJP15IH,135.4,179.6451612903226,0.02702449533979673,199,5.296482412060302,21351.0,577.0,7,0.0300429185,233,1
A2RC9V49MHS973,0,305.9795918367347,0.0,199,5.296482412060302,27640.0,0.0,0,0.0,268,0
A2UKBPPWF76NCT,0,283.7457627118644,0.0,199,5.296482412060302,26354.0,0.0,0,0.0,331,1
A2V27A9GZA1NR2,210.8,266.27777777777777,0.03455058021372845,199,5.296482412060302,30506.0,1054.0,11,0.0404411765,272,1
A2VLTSW6CXIUMR,419.14285714285717,646.2718446601941,0.022888474784627844,199,5.296482412060302,102497.0,2346.0,22,0.0259128386,849,1
A2WBGRTWOXDE6M,385.2,379.9270833333333,0.047114553030898655,218,4.784403669724771,50876.0,2397.0,9,0.0334572491,269,1
A2XENTYL1D1UOL,95.0,487.1707317073171,0.008456062655114506,213,4.985915492957746,67289.0,569.0,5,0.0065963061,758,1
A2Y87M8V0N1M6P,220.5,406.85897435897436,0.008802395209580838,218,4.784403669724771,50100.0,441.0,4,0.0127388535,314,1
A2YP60DM1HYTH8,136.0,389.07246376811594,0.005389874170216982,199,5.296482412060302,50465.0,272.0,3,0.0078740157,381,1
A2YTY52FZNII62,214.0,251.71641791044777,0.0315103610339671,199,5.296482412060302,28086.0,885.0,11,0.0296495957,371,1
A2Z5A7TCIR8M6E,177.5,298.5507246376812,0.07686222808174027,218,4.784403669724771,30340.0,2332.0,27,0.0876623377,308,1
A2Z6GCD1ZNCT6Z,107.4,219.28985507246378,0.023082874828060523,199,5.296482412060302,23264.0,537.0,6,0.0248962656,241,0
A2ZDEERVRN5AMC,344.0,318.03333333333336,0.009511959076455136,218,4.784403669724771,36165.0,344.0,2,0.0072992701,274,0
A2ZSL0EDN3H4AT,234.66666666666666,361.5326086956522,0.00704154308657668,199,5.296482412060302,49563.0,349.0,3,0.0068649886,437,1
A3084P5PROPWOI,130.0,307.2307692307692,0.007599006283793658,184,4.853260869565218,34215.0,260.0,3,0.0069124424,434,1
A35J0Z5315SEBK,314.75,353.5,0.03207398160650141,184,4.853260869565218,39253.0,1259.0,12,0.0294117647,408,1
A35P3396DDWKTT,250.45833333333334,201.41666666666666,0.2364756488772237,218,4.784403669724771,27432.0,6487.0,72,0.2285714286,315,1
A361512FNHY889,174.58333333333334,221.04054054054055,0.08249767008387698,199,5.296482412060302,26825.0,2213.0,23,0.074433657,309,0
A36IB78C6MVA3,187.77777777777777,271.4871794871795,0.09752932627426554,199,5.296482412060302,38532.0,3758.0,45,0.0965665236,466,0
A37E5WQJFDG6QG,107.4,192.93939393939394,0.034636871508379886,199,5.296482412060302,10740.0,372.0,4,0.0330578512,121,1
A38DHLB88V8DL8,320.75,321.4769230769231,0.044994590466492713,213,4.985915492957746,31426.0,1414.0,15,0.0406504065,369,1
A39SK1E6IMQBD5,85.0,489.64,0.0016106416038200629,184,4.853260869565218,52774.0,85.0,1,0.0021929825,456,1
A3A1KP2SJRGNRZ,82.5,84.21739130434783,0.10724731881702958,199,5.296482412060302,3077.0,330.0,4,0.0952380952,42,0
A3B2YRSMSC2J3T,65.2,90.57894736842105,0.1425448185395715,199,5.296482412060302,2287.0,326.0,5,0.1388888889,36,0
A3DTG2QEFWI2II,113.28571428571429,155.29166666666666,0.1404782993799823,199,5.296482412060302,5645.0,793.0,11,0.1666666667,66,0
A3EQVDHHKZRC0K,217.15,396.5,0.07480134084296143,213,4.985915492957746,58769.0,4396.0,68,0.0757238307,898,1
A3EU8ENRH654SB,67.5,279.126582278481,0.00566145692173337,199,5.296482412060302,33207.0,188.0,3,0.0099337748,302,1
A3FL5SZK2XRTFB,163.0,376.8453608247423,0.04413732865615711,213,4.985915492957746,70983.0,3133.0,37,0.0435294118,850,1
A3FPXYVABXB9IZ,284.09090909090907,182.59322033898306,0.1601742696053306,218,4.784403669724771,19510.0,3125.0,29,0.1518324607,191,1
A3HNEYFOIJWPH1,0,221.5686274509804,0.0,184,4.853260869565218,15238.0,0.0,0,0.0,141,1
A3K0U7YO7V7KZF,134.9090909090909,186.88095238095238,0.14529049666919638,199,5.296482412060302,11859.0,1723.0,22,0.1466666667,150,1
A3L95FSCN74FIF,4416.75,2073.073684210526,0.054413702966365746,213,4.985915492957746,362666.0,19734.0,218,0.0593035909,3676,0
A3MHP4LZ3V88NF,84.66666666666667,85.86666666666666,0.1111597374179431,199,5.296482412060302,2285.0,254.0,4,0.1111111111,36,0
A3NXT3OVGL7QNR,87.33333333333333,627.3283582089553,0.0072334727571402935,199,5.296482412060302,72441.0,524.0,7,0.0169491525,413,1
A3NXW2JI4DU0C0,166.0,536.0493827160494,0.036654022157996145,199,5.296482412060302,66432.0,2435.0,27,0.0419906687,643,0
A3RDJ3UZ9EJP6Y,695.875,461.84507042253523,0.11929371231696813,199,5.296482412060302,53406.0,6371.0,58,0.1155378486,502,0
A3RI9RLBGPG2B6,95.8,125.68333333333334,0.04140375140461578,199,5.296482412060302,11569.0,479.0,7,0.0419161677,167,1
A3RMV9ZGFJ0HHF,271.5,366.38461538461536,0.05932967303122183,184,4.853260869565218,36609.0,2172.0,18,0.0633802817,284,1
A3RVHUY67SVXQV,0,294.77272727272725,0.002853426209558978,218,4.784403669724771,23831.0,68.0,1,0.0059171598,169,1
A3VHDQR8A9JJ4F,0,657.5636363636364,0.0,199,5.296482412060302,44208.0,0.0,0,0.0,363,1
A489K1IFOM4JW,209.57142857142858,463.65,0.01965402907596057,184,4.853260869565218,66653.0,1310.0,15,0.0220913108,679,1
A4CHLWPHZIP7Y,50.0,189.2394366197183,0.004722996268832947,184,4.853260869565218,21173.0,100.0,2,0.0076335878,262,1
A4W9APAHFWVLO,146.35714285714286,240.38805970149255,0.07762816641205102,213,4.985915492957746,28147.0,2185.0,23,0.0877862595,262,1
A4W9APAHFWVLO,443.25,366.875,0.0566598491627253,184,4.853260869565218,31292.0,1773.0,6,0.03125,192,1
A7GT7BIC7ERWE,207.0,172.77777777777777,0.017985924059431748,218,4.784403669724771,23018.0,414.0,3,0.0125,240,1
A7SW6SVNJ5V6O,171.75,238.3095238095238,0.036222924394376514,213,4.985915492957746,21837.0,791.0,8,0.0379146919,211,1
A8C3WNWRBWUXO,655.3846153846154,365.74074074074076,0.20851875397329941,213,4.985915492957746,40898.0,8528.0,92,0.1928721174,477,1
A9KXY0C9JHSZL,190.5,111.52631578947368,0.10058078141499471,184,4.853260869565218,3788.0,381.0,4,0.0930232558,43,1
ACTQSBR4YRLZZ,212.3913043478261,265.9010989010989,0.11346204079694142,213,4.985915492957746,42111.0,4778.0,57,0.1233766234,462,1
AI8E3ZLZ3FO6O,167.28571428571428,117.88888888888889,0.3295819935691318,199,5.296482412060302,3732.0,1230.0,12,0.2790697674,43,0
AIA7RZSAONU5M,298.2142857142857,279.78823529411767,0.11601931444338322,218,4.784403669724771,37692.0,4373.0,38,0.1214057508,313,1
AKAM01E1R4KAF,151.42857142857142,200.53333333333333,0.033685013346892084,213,4.985915492957746,31468.0,1060.0,14,0.0344827586,406,1
AKNBC1TE88NDO,231.4,223.04347826086956,0.03702519276551896,184,4.853260869565218,28143.0,1042.0,10,0.0305810398,327,1
AMPR904VJJFZY,246.0,170.76923076923077,0.055502284392802755,213,4.985915492957746,17729.0,984.0,4,0.0229885057,174,0
ANCTZADQC3D75,375.375,1068.8021978021977,0.019010396411811983,199,5.296482412060302,154284.0,2933.0,27,0.0191761364,1408,1
ANX6Q4NMZL8EI,254.53846153846155,322.5833333333333,0.08437763268744734,213,4.985915492957746,37984.0,3205.0,29,0.0781671159,371,1
AQMLJYUQCSG22,325.14285714285717,287.625,0.07591907765934305,199,5.296482412060302,32179.0,2443.0,20,0.0757575758,264,1
ARUXG5FD1Q76F,253.8,441.9125,0.027588909571862448,199,5.296482412060302,51035.0,1408.0,14,0.0313199105,447,1
AT6LDQNLKTUSE,297.0,263.2173913043478,0.07032914989344068,184,4.853260869565218,16892.0,1188.0,11,0.0607734807,181,0
ATA9BBCLTE2HS,843.0,180.9,0.2808127914723518,199,5.296482412060302,3002.0,843.0,3,0.1153846154,26,0
AUA3VQ48GSMLF,100.0,98.9375,0.04151100041511,184,4.853260869565218,2409.0,100.0,1,0.03125,32,1
AX8NXTT8QMGHC,123.66666666666667,448.8607594936709,0.011711403658745085,199,5.296482412060302,46792.0,548.0,5,0.0139275766,359,1
AXY0D2AMLKE2A,244.28571428571428,181.95,0.08058413148870758,199,5.296482412060302,16914.0,1363.0,13,0.0656565657,198,1
AYQTQYOLTNY0Y,129.5,95.8125,0.21005677210056772,199,5.296482412060302,2466.0,518.0,4,0.1333333333,30,0
AYY0UC6KCN9RW,129.8125,338.58620689655174,0.06701461377870564,213,4.985915492957746,33530.0,2247.0,34,0.0705394191,482,0
AYYSG3O9FNU15,143.5,228.51020408163265,0.016357004445457655,199,5.296482412060302,17546.0,287.0,2,0.0165289256,121,0
AZU9D7YLCTAYV,596.4090909090909,512.2631578947369,0.2060627355778445,213,4.985915492957746,62612.0,12902.0,76,0.1771561772,429,1
p1-lab-control,202.0,204.4848484848485,0.18769787426503845,213,4.985915492957746,13266.0,2490.0,22,0.1833333333,120,1
A10BH9PYCYUKDJ,0,568.4444444444445,0.0,103,4.902912621359223,38062.0,0.0,0,0.0,229,1
A10W3EILX06DFO,96.0,95.72727272727273,0.035346097201767304,91,4.615384615384615,2716.0,96.0,1,0.0243902439,41,0
A11EZAV2HRYKD5,84.0,71.0,0.020197162779514305,35,3.7142857142857135,4159.0,84.0,1,0.012195122,82,1
A11YS0T8MV3Q7C,0,383.3414634146341,0.0,103,4.902912621359223,22272.0,0.0,0,0.0,182,0
A12HLLXWOQJ14Q,0,295.07142857142856,0.0,100,4.83,16645.0,0.0,0,0.0,203,1
A12NT768CR36E5,180.0,228.51351351351352,0.03178246667255231,103,5.106796116504855,11327.0,360.0,5,0.0390625,128,1
A13WTEQ06V3B6D,218.0,190.59259259259258,0.03656184486373166,98,4.418367346938775,11925.0,436.0,4,0.0327868852,122,0
A160BYMX7X0EPG,191.0,294.4782608695652,0.034834324553950725,93,5.086021505376344,12947.0,451.0,7,0.0424242424,165,1
A17Q4QN6UE0EZC,68.0,139.57692307692307,0.01145359609230251,126,4.142857142857143,5937.0,68.0,1,0.0163934426,61,0
A18JFH5XQAUVAK,0,204.8181818181818,0.0,126,4.222222222222222,7768.0,0.0,0,0.0,111,1
A19F9CLZ0XWBYR,396.25,215.65,0.42136348295646303,100,5.21,11852.0,4994.0,49,0.4117647059,119,0
A19L8SNH73AX1Z,412.5,327.6666666666667,0.033165829145728645,125,4.176,24875.0,825.0,7,0.033492823,209,0
A1B7X75L6JOPGM,0,72.0,0.0,35,3.7142857142857135,650.0,0.0,0,0.0,12,1
A1BASVXQK125PD,0,407.2307692307692,0.0,100,4.83,21025.0,0.0,0,0.0,209,0
A1CPY1HLCFTIL1,0,762.4242424242424,0.0,93,5.086021505376344,70106.0,0.0,0,0.0,625,0
A1D26DHX9CDRGI,0,187.06666666666666,0.0,99,5.05050505050505,3212.0,0.0,0,0.0,33,0
A1D41E24S4E4I4,700.0,353.1578947368421,0.025348542458808618,91,4.615384615384615,27615.0,700.0,5,0.0164473684,304,1
A1HR8IRDC07FO9,0,418.4166666666667,0.0,90,4.777777777777778,30041.0,0.0,0,0.0,317,1
A1IJ6E21R29K53,304.5,434.9,0.05023094688221709,31,5.064516129032258,12124.0,609.0,8,0.0540540541,148,0
A1ISZTMNHXPB4C,171.0,83.33333333333333,0.03761467889908257,35,3.7142857142857135,6540.0,246.0,3,0.0394736842,76,1
A1JI19KPIVNL3Y,665.9444444444445,303.0416666666667,0.5129295483277784,100,5.21,26103.0,13389.0,137,0.4910394265,279,1
A1JWPEUSQYB6XL,0,148.33333333333334,0.0,31,5.064516129032258,4856.0,0.0,0,0.0,50,1
A1K76PLMB0YQT5,59.0,543.8958333333334,0.0016315018112435362,91,5.208791208791209,36163.0,59.0,1,0.0020325203,492,1
A1KGPGSI6I9TQ5,0,184.02857142857144,0.0,99,5.05050505050505,8110.0,0.0,0,0.0,96,0
A1LTVR9DOB62B1,530.3,274.90909090909093,0.350923747058529,91,5.208791208791209,19973.0,7009.0,63,0.3298429319,191,0
A1N93G08WP4XH7,300.0,340.6842105263158,0.011818002757533978,90,4.777777777777778,25385.0,300.0,3,0.0175438596,171,1
A1OM5NWYYYJKQW,0,294.94117647058823,0.0,98,4.418367346938775,16163.0,0.0,0,0.0,93,1
A1OZPLHNIU1519,239.0,201.17857142857142,0.012738514017695341,113,4.6371681415929205,18762.0,239.0,2,0.0097560976,205,1
A1PHDT66U6IK4Q,538.0,375.42028985507244,0.028256916801808443,99,5.05050505050505,40698.0,1150.0,14,0.0274509804,510,1
A1QMJNJ5FGC09,104.33333333333333,154.95652173913044,0.042771248975129815,91,5.208791208791209,7318.0,313.0,5,0.0666666667,75,0
A1T9BJRS4IL8VQ,101.0,108.54166666666667,0.03055051421657592,125,4.176,3306.0,101.0,1,0.0222222222,45,1
A1VGM6OJRPRNCQ,0,194.69230769230768,0.0,100,4.83,6933.0,0.0,0,0.0,82,0
A1WH32GYQOHIRQ,162.5,352.7692307692308,0.02712345964518154,91,5.208791208791209,30269.0,821.0,9,0.0296052632,304,0
A1WRZX4HNRMVG1,0,256.44897959183675,0.0,99,5.05050505050505,17664.0,0.0,0,0.0,156,0
A1YRYQBQGQRY1Q,200.5,222.92592592592592,0.03226325529004747,51,4.431372549019608,12429.0,401.0,3,0.0243902439,123,0
A1YTB9G04PC71S,0,225.95652173913044,0.00641440974471945,113,4.6371681415929205,15434.0,99.0,1,0.0060240964,166,0
A20SL254675EOK,0,134.97058823529412,0.0,100,4.83,5876.0,0.0,0,0.0,68,0
A23KAJRDVCVGOE,156.5625,177.06666666666666,0.45905267817618417,95,4.042105263157895,6777.0,3111.0,37,0.4457831325,83,0
A24LB89P1BPKKF,0,479.5128205128205,0.0,91,5.208791208791209,26391.0,0.0,0,0.0,239,0
A25TQ73VVCOM4X,0,291.9736842105263,0.0,91,5.208791208791209,17785.0,0.0,0,0.0,205,0
A28VE2YSRYE3B8,0,71.5,0.0,90,4.777777777777778,143.0,0.0,0,0.0,3,1
A292T1OXCVXN78,0,140.55172413793105,0.0,92,4.402173913043479,7145.0,0.0,0,0.0,79,0
A293JF50QSYCRO,0,397.7894736842105,0.0,126,4.222222222222222,20483.0,0.0,0,0.0,208,1
A2APG8MSLJ6G2K,239.0,360.93333333333334,0.01338560627275273,98,4.418367346938775,17855.0,239.0,3,0.0147058824,204,1
A2G57M3XD1AIBS,341.5,391.9142857142857,0.03626612860404609,103,5.106796116504855,18833.0,683.0,5,0.0282485876,177,0
A2H1QUGX0SOUMH,0,179.91304347826087,0.0,125,4.176,7722.0,0.0,0,0.0,123,1
A2HOEI5M6G883O,514.0,249.47058823529412,0.06203234371228578,51,4.431372549019608,8286.0,514.0,1,0.0192307692,52,1
A2I6ZALE49CVSC,313.0,204.94594594594594,0.02410288002464192,100,4.83,12986.0,313.0,3,0.0223880597,134,0
A2IFHU3P1MF54K,0,334.05263157894734,0.0,103,4.902912621359223,22125.0,0.0,0,0.0,125,0
A2IQ0QCTQ3KWLT,1089.0,378.3777777777778,0.0,89,5.404494382022472,23371.0,0.0,0,0.0,118,0
A2LLOJFA11FSZF,251.0,152.77777777777777,0.07196100917431193,93,5.086021505376344,3488.0,251.0,2,0.0454545455,44,1
A2N9U74YIPDQ9F,126.375,180.0,0.13506684914201494,95,4.042105263157895,9499.0,1283.0,13,0.1226415094,106,0
A2OU4N4VBIE91I,0,605.969696969697,0.0,90,4.777777777777778,34912.0,0.0,0,0.0,288,1
A2OVX9UW5WANQE,332.0,257.9433962264151,0.020394381415451107,126,4.142857142857143,22212.0,453.0,6,0.020979021,286,0
A2PSR3CMNR1R9X,205.0,520.2432432432432,0.007642979643576169,125,4.176,26822.0,205.0,2,0.0124223602,161,0
A2QABS5PO2AYES,0,863.7647058823529,0.0,99,5.05050505050505,18571.0,0.0,0,0.0,125,1
A2RBF3IIJP15IH,0,172.22727272727272,0.0,93,5.086021505376344,10187.0,0.0,0,0.0,109,1
A2RC9V49MHS973,62.0,260.10526315789474,0.003979971755039158,91,4.615384615384615,15578.0,62.0,1,0.0059171598,169,0
A2UKBPPWF76NCT,249.0,401.2903225806452,0.009680805567435169,93,5.086021505376344,25721.0,249.0,3,0.0089285714,336,1
A2V27A9GZA1NR2,446.0,324.65,0.05206595347924232,125,4.176,20378.0,1061.0,8,0.0484848485,165,0
A2VLTSW6CXIUMR,65.0,507.27906976744185,0.0012882000872012367,93,5.086021505376344,50458.0,65.0,1,0.0023752969,421,0
A2WBGRTWOXDE6M,1343.0,537.8253968253969,0.017790485267254387,89,5.404494382022472,50364.0,896.0,4,0.012987013,308,0
A2XENTYL1D1UOL,53.0,291.2972972972973,0.0032366200439255576,103,4.902912621359223,34604.0,112.0,2,0.0043668122,458,1
A2Y87M8V0N1M6P,63.0,371.5882352941176,0.0027236176559595347,98,4.418367346938775,23131.0,63.0,1,0.0064102564,156,0
A2YP60DM1HYTH8,0,611.5,0.0,91,5.208791208791209,33289.0,0.0,0,0.0,213,1
A2YTY52FZNII62,0,201.70833333333334,0.0,125,4.176,13648.0,0.0,0,0.0,179,0
A2Z5A7TCIR8M6E,747.0,260.2,0.04503526858383071,89,5.404494382022472,14744.0,664.0,8,0.0559440559,143,0
A2Z6GCD1ZNCT6Z,320.0,249.93023255813952,0.04584681769147789,103,5.106796116504855,22248.0,1020.0,11,0.0458333333,240,0
A2ZDEERVRN5AMC,155.0,279.02941176470586,0.01451718647560176,98,4.418367346938775,21354.0,310.0,2,0.0122699387,163,0
A2ZSL0EDN3H4AT,200.5,319.6825396825397,0.013473104189765817,125,4.176,29763.0,401.0,3,0.0111940299,268,0
A3084P5PROPWOI,0,220.44117647058823,0.0,113,4.6371681415929205,10911.0,0.0,0,0.0,153,1
A35J0Z5315SEBK,0,256.51612903225805,0.0,113,4.6371681415929205,22361.0,0.0,0,0.0,238,0
A35P3396DDWKTT,68.0,170.21875,0.0065923412506059135,89,5.404494382022472,10315.0,68.0,1,0.0080645161,124,0
A361512FNHY889,69.0,156.88,0.0051084622788183905,91,4.615384615384615,13507.0,69.0,1,0.0060240964,166,0
A36IB78C6MVA3,150.0,249.75,0.004693977078761278,103,5.106796116504855,16404.0,77.0,1,0.0044247788,226,0
A37E5WQJFDG6QG,0,126.48387096774194,0.0,99,5.05050505050505,5697.0,0.0,0,0.0,71,1
A38DHLB88V8DL8,97.0,375.46666666666664,0.006631583450990459,126,4.142857142857143,23373.0,155.0,2,0.0068027211,294,0
A39SK1E6IMQBD5,437.05263157894734,274.14814814814815,0.45190917991514756,95,4.042105263157895,21449.0,9693.0,83,0.4129353234,201,0
A3A1KP2SJRGNRZ,718.0,361.2391304347826,0.07492188067727636,103,5.106796116504855,27522.0,2062.0,27,0.0745856354,362,0
A3B2YRSMSC2J3T,0,98.0,0.0,31,5.064516129032258,2105.0,0.0,0,0.0,21,1
A3DTG2QEFWI2II,442.0,484.3636363636364,0.06607760276603919,31,5.064516129032258,15618.0,1032.0,11,0.0578947368,190,1
A3EQVDHHKZRC0K,607.0,317.4,0.022453207072575275,92,4.402173913043479,27034.0,607.0,6,0.0147058824,408,1
A3EU8ENRH654SB,62.0,233.34285714285716,0.002660030890681311,91,4.615384615384615,23308.0,62.0,1,0.0044444444,225,0
A3FL5SZK2XRTFB,63.0,292.07547169811323,0.006005186297256722,100,4.83,21981.0,132.0,2,0.0070921986,282,1
A3FPXYVABXB9IZ,408.0,275.48,0.016662546353522868,89,5.404494382022472,20225.0,337.0,4,0.0174672489,229,1
A3HNEYFOIJWPH1,0,237.6,0.0,113,4.6371681415929205,11549.0,0.0,0,0.0,118,0
A3K0U7YO7V7KZF,164.0,137.88235294117646,0.02623580227163654,91,4.615384615384615,6251.0,164.0,1,0.014084507,71,0
A3L95FSCN74FIF,569.3809523809524,357.0,0.5520179020100503,100,5.21,25472.0,14061.0,135,0.5443548387,248,1
A3MHP4LZ3V88NF,0,225.4,0.0,31,5.064516129032258,2239.0,0.0,0,0.0,29,0
A3NXT3OVGL7QNR,53.0,141.38095238095238,0.00510204081632653,51,4.431372549019608,10388.0,53.0,1,0.0086956522,115,1
A3NXW2JI4DU0C0,368.6666666666667,307.3272727272727,0.040114832535885166,103,5.106796116504855,26125.0,1048.0,13,0.0439189189,296,0
A3RDJ3UZ9EJP6Y,124.0,292.6551724137931,0.009112286890064668,103,5.106796116504855,13608.0,124.0,1,0.0071428571,140,0
A3RI9RLBGPG2B6,0,132.24324324324326,0.0,99,5.05050505050505,5794.0,0.0,0,0.0,78,0
A3RMV9ZGFJ0HHF,1598.0,407.9433962264151,0.039805704321833356,113,4.6371681415929205,40145.0,1598.0,8,0.025477707,314,0
A3RVHUY67SVXQV,273.5,179.26666666666668,0.052942315137437086,98,4.418367346938775,10332.0,547.0,5,0.0561797753,89,0
A3VHDQR8A9JJ4F,116.75,379.54285714285714,0.0219341505800573,91,5.208791208791209,21291.0,467.0,5,0.0251256281,199,0
A489K1IFOM4JW,232.0,292.4166666666667,0.02108132666969559,126,4.222222222222222,11005.0,232.0,3,0.0288461538,104,1
A4CHLWPHZIP7Y,131.47368421052633,143.1153846153846,0.2856145251396648,95,4.042105263157895,10024.0,2863.0,41,0.3059701493,134,0
A4W9APAHFWVLO,0,276.54347826086956,0.0,103,4.902912621359223,17203.0,0.0,0,0.0,158,1
A4W9APAHFWVLO,574.5,320.1818181818182,0.03963025557893285,126,4.222222222222222,28993.0,1149.0,7,0.0348258706,201,0
A7GT7BIC7ERWE,0,191.2,0.0,98,4.418367346938775,11121.0,0.0,0,0.0,112,0
A7SW6SVNJ5V6O,706.0,236.45833333333334,0.06768286837311858,103,4.902912621359223,10431.0,706.0,4,0.0338983051,118,1
A8C3WNWRBWUXO,421.0,434.9428571428571,0.015586819696408738,92,4.402173913043479,27010.0,421.0,6,0.0189274448,317,1
A9KXY0C9JHSZL,0,0,0.0,35,3.7142857142857135,1934.0,0.0,0,0.0,23,1
ACTQSBR4YRLZZ,0,209.35,0.0,92,4.402173913043479,11824.0,0.0,0,0.0,133,0
AI8E3ZLZ3FO6O,210.5,150.33333333333334,0.028417898108918052,31,5.064516129032258,9677.0,275.0,4,0.0294117647,136,1
AIA7RZSAONU5M,349.0,392.84615384615387,0.015349430443770067,89,5.404494382022472,22737.0,349.0,3,0.0168539326,178,0
AKAM01E1R4KAF,0,149.16666666666666,0.0,100,4.83,7137.0,0.0,0,0.0,89,1
AKNBC1TE88NDO,0,214.10344827586206,0.0,126,4.222222222222222,24853.0,0.0,0,0.0,259,0
AMPR904VJJFZY,407.0,229.3125,0.030819324549447222,92,4.402173913043479,13206.0,407.0,3,0.0254237288,118,1
ANCTZADQC3D75,1399.5,1346.342105263158,0.023627231671801797,93,5.086021505376344,118465.0,2799.0,14,0.0143737166,974,1
ANX6Q4NMZL8EI,145.0,158.32142857142858,0.011775215202208868,92,4.402173913043479,12314.0,145.0,2,0.0136054422,147,0
AQMLJYUQCSG22,158.66666666666666,218.86111111111111,0.028541001064962726,103,5.106796116504855,14085.0,402.0,5,0.0354609929,141,0
ARUXG5FD1Q76F,321.0,311.7894736842105,0.05219512195121951,51,4.431372549019608,12300.0,642.0,6,0.0555555556,108,1
AT6LDQNLKTUSE,186.625,229.08695652173913,0.18692824864984017,95,4.042105263157895,9073.0,1696.0,21,0.1926605505,109,0
ATA9BBCLTE2HS,0,230.66666666666666,0.0,31,5.064516129032258,3416.0,0.0,0,0.0,42,1
AUA3VQ48GSMLF,0,0,0.0,35,3.7142857142857135,131.0,0.0,0,0.0,2,1
AX8NXTT8QMGHC,470.0,280.27272727272725,0.09719071715232944,51,4.431372549019608,11462.0,1114.0,6,0.0638297872,94,0
AXY0D2AMLKE2A,0,325.5238095238095,0.0,99,5.05050505050505,9607.0,0.0,0,0.0,107,1
AYQTQYOLTNY0Y,0,103.4,0.0,31,5.064516129032258,1469.0,0.0,1,0.0476190476,21,1
AYY0UC6KCN9RW,54.0,281.2894736842105,0.003339517625231911,92,4.402173913043479,16170.0,54.0,1,0.0041841004,239,1
AYYSG3O9FNU15,0,178.22222222222223,0.0,51,4.431372549019608,3261.0,0.0,0,0.0,22,0
AZU9D7YLCTAYV,886.0,592.6666666666666,0.019858980114611666,92,4.402173913043479,37867.0,752.0,8,0.0273972603,292,0
p1-lab-control,0,304.95454545454544,0.0,92,4.402173913043479,12180.0,0.0,0,0.0,98,1
A10BH9PYCYUKDJ,0,571.3333333333334,0.0,112,4.446428571428571,49146.0,0.0,0,0.0,314,1
A10W3EILX06DFO,58.0,96.73333333333333,0.013564078578110383,106,4.773584905660377,4276.0,58.0,1,0.0147058824,68,1
A11EZAV2HRYKD5,0,338.0,0.0,124,4.338709677419355,32714.0,0.0,0,0.0,482,1
A11YS0T8MV3Q7C,335.0,521.0862068965517,0.006981968307935159,112,4.446428571428571,49413.0,345.0,2,0.0047961631,417,1
A12HLLXWOQJ14Q,324.2307692307692,207.0,0.26565886146202233,95,5.926315789473684,18919.0,5026.0,59,0.2565217391,230,1
A12NT768CR36E5,0,309.0833333333333,0.004108463434675432,91,4.989010989010989,17038.0,70.0,1,0.0052356021,191,1
A13WTEQ06V3B6D,332.125,190.19354838709677,0.42979758243330235,107,3.83177570093458,13981.0,6009.0,54,0.3829787234,141,1
A160BYMX7X0EPG,601.3333333333334,321.24444444444447,0.060223143950355294,88,5.045454545454546,31101.0,1873.0,24,0.0560747664,428,1
A17Q4QN6UE0EZC,0,131.2941176470588,0.0,124,4.362903225806452,7890.0,0.0,0,0.0,86,1
A18JFH5XQAUVAK,151.0,120.0,0.044687777448949396,101,4.425742574257426,3379.0,151.0,2,0.04,50,0
A19F9CLZ0XWBYR,320.0,203.75,0.06380857427716849,89,5.067415730337078,10030.0,640.0,4,0.0380952381,105,1
A19L8SNH73AX1Z,482.5,173.46875,0.06952449567723343,112,4.776785714285714,13880.0,965.0,7,0.053030303,132,0
A1B7X75L6JOPGM,0,114.79310344827586,0.0,124,4.338709677419355,4819.0,0.0,0,0.0,66,1
A1BASVXQK125PD,254.38888888888889,189.0,0.4374010828821324,95,5.926315789473684,12005.0,5251.0,61,0.391025641,156,0
A1CPY1HLCFTIL1,119.5,729.1714285714286,0.006818570451436389,88,5.045454545454546,46784.0,319.0,4,0.0088888889,450,1
A1D26DHX9CDRGI,115.66666666666667,155.55555555555554,0.05933652530779754,108,4.018518518518518,5848.0,347.0,4,0.0588235294,68,1
A1D41E24S4E4I4,0,346.52702702702703,0.0,106,4.773584905660377,33587.0,0.0,0,0.0,362,1
A1HR8IRDC07FO9,433.06666666666666,295.8965517241379,0.3923518556489645,106,4.2075471698113205,19508.0,7654.0,87,0.3866666667,225,1
A1IJ6E21R29K53,0,292.3225806451613,0.0,106,4.2075471698113205,16540.0,0.0,0,0.0,184,1
A1ISZTMNHXPB4C,0,207.13333333333333,0.0,124,4.338709677419355,18218.0,0.0,0,0.0,207,1
A1JI19KPIVNL3Y,560.5,188.95454545454547,0.07092243451853726,89,5.067415730337078,15806.0,1121.0,11,0.0582010582,189,0
A1JWPEUSQYB6XL,165.33333333333334,156.60714285714286,0.05218855218855219,106,4.2075471698113205,9504.0,496.0,4,0.036036036,111,1
A1K76PLMB0YQT5,1077.75,307.9259259259259,0.1480886306746191,105,4.647619047619048,32359.0,4792.0,71,0.1504237288,472,1
A1KGPGSI6I9TQ5,123.0,127.16666666666667,0.08384458077709611,108,4.018518518518518,2934.0,246.0,3,0.0789473684,38,1
A1LTVR9DOB62B1,245.25,188.35714285714286,0.074329121113162,105,4.647619047619048,14086.0,1047.0,12,0.0745341615,161,0
A1N93G08WP4XH7,316.94736842105266,228.72972972972974,0.32991382847763645,106,4.2075471698113205,19496.0,6432.0,45,0.2777777778,162,0
A1OM5NWYYYJKQW,207.625,190.96153846153845,0.2716670311247175,107,3.83177570093458,13719.0,3727.0,28,0.2692307692,104,1
A1OZPLHNIU1519,237.0,171.76923076923077,0.019577069221873453,105,4.457142857142857,12106.0,237.0,2,0.0153846154,130,1
A1PHDT66U6IK4Q,300.8,337.05970149253733,0.043998478775999765,108,4.018518518518518,34183.0,1504.0,19,0.0444964871,427,0
A1QMJNJ5FGC09,600.0,372.625,0.07062114638045215,105,4.647619047619048,35032.0,2474.0,15,0.0551470588,272,1
A1T9BJRS4IL8VQ,102.0,103.77777777777777,0.03450608930987822,112,4.776785714285714,2956.0,102.0,1,0.0256410256,39,1
A1VGM6OJRPRNCQ,286.6,182.2,0.4002628120893561,95,5.926315789473684,7610.0,3046.0,30,0.3409090909,88,1
A1WH32GYQOHIRQ,351.5,399.2916666666667,0.0398763436285771,105,4.647619047619048,35259.0,1406.0,24,0.0634920635,378,1
A1WRZX4HNRMVG1,218.75,268.10526315789474,0.03493292877674864,108,4.018518518518518,25048.0,875.0,6,0.0266666667,225,0
A1YRYQBQGQRY1Q,317.0,324.47222222222223,0.008520589183958715,89,5.067415730337078,37204.0,317.0,4,0.0118694362,337,1
A1YTB9G04PC71S,70.0,218.6304347826087,0.005245803357314149,105,4.457142857142857,13344.0,70.0,1,0.0072992701,137,1
A20SL254675EOK,98.125,135.0,0.25155187703221993,95,5.926315789473684,3383.0,851.0,12,0.2857142857,42,1
A23KAJRDVCVGOE,104.0,220.20454545454547,0.007652122728276065,114,4.342105263157895,13591.0,104.0,1,0.0061728395,162,1
A24LB89P1BPKKF,375.0,260.4074074074074,0.06369805929277295,105,4.647619047619048,25197.0,1605.0,14,0.0571428571,245,0
A25TQ73VVCOM4X,393.25,305.72727272727275,0.04440322932576915,105,4.647619047619048,36664.0,1628.0,14,0.0308370044,454,1
A28VE2YSRYE3B8,116.0909090909091,127.22222222222223,0.2409133900824213,106,4.2075471698113205,7401.0,1783.0,23,0.2446808511,94,1
A292T1OXCVXN78,314.5625,139.52631578947367,0.40052208268660927,112,3.625,14174.0,5677.0,56,0.35,160,0
A293JF50QSYCRO,412.0,255.25641025641025,0.031026432713306726,101,4.425742574257426,13279.0,412.0,4,0.0245398773,163,1
A2APG8MSLJ6G2K,339.6,196.53333333333333,0.40719655096175106,107,3.83177570093458,18092.0,7367.0,82,0.3849765258,213,1
A2G57M3XD1AIBS,204.0,250.06896551724137,0.010250741168785488,91,4.989010989010989,19901.0,204.0,3,0.0147783251,203,1
A2H1QUGX0SOUMH,0,149.1904761904762,0.0,112,4.776785714285714,8476.0,0.0,0,0.0,117,1
A2HOEI5M6G883O,533.0,444.2307692307692,0.02509425548303401,89,5.067415730337078,24667.0,619.0,6,0.0434782609,138,1
A2I6ZALE49CVSC,169.41666666666666,151.14285714285714,0.2460235294117647,95,5.926315789473684,10625.0,2614.0,29,0.2543859649,114,0
A2IFHU3P1MF54K,533.0,522.2166666666667,0.034275274539785926,112,4.446428571428571,50357.0,1726.0,12,0.0323450135,371,1
A2IQ0QCTQ3KWLT,68.0,299.06451612903226,0.00352477710968277,91,4.615384615384615,19292.0,68.0,1,0.01,100,1
A2LLOJFA11FSZF,194.33333333333334,154.7826086956522,0.08737603859555079,88,5.045454545454546,7462.0,652.0,9,0.097826087,92,1
A2N9U74YIPDQ9F,181.66666666666666,169.0,0.048120107789041446,114,4.342105263157895,7793.0,375.0,3,0.0348837209,86,1
A2OU4N4VBIE91I,320.14285714285717,342.05,0.27087451434803356,106,4.2075471698113205,29342.0,7948.0,66,0.2619047619,252,0
A2OVX9UW5WANQE,0,231.29090909090908,0.0,124,4.362903225806452,16879.0,0.0,0,0.0,220,1
A2PSR3CMNR1R9X,248.0,249.16,0.015037593984962405,112,4.776785714285714,16492.0,248.0,2,0.0126582278,158,0
A2QABS5PO2AYES,791.25,492.95454545454544,0.15406162464985995,108,4.018518518518518,22491.0,3465.0,30,0.1369863014,219,1
A2RBF3IIJP15IH,373.5,192.15,0.10353430353430354,88,5.045454545454546,7215.0,747.0,9,0.1046511628,86,1
A2RC9V49MHS973,241.0,250.45833333333334,0.01683666340645522,106,4.773584905660377,14314.0,241.0,3,0.0193548387,155,0
A2UKBPPWF76NCT,164.0,693.6862745098039,0.0028592349802991734,88,5.045454545454546,57358.0,164.0,2,0.0025125628,796,0
A2V27A9GZA1NR2,186.5,181.775,0.03383526850507983,112,4.776785714285714,11024.0,373.0,3,0.0254237288,118,1
A2VLTSW6CXIUMR,266.6666666666667,500.6666666666667,0.019603038470963,88,5.045454545454546,40810.0,800.0,9,0.0245901639,366,1
A2WBGRTWOXDE6M,0,413.8125,0.0,91,4.615384615384615,35412.0,0.0,0,0.0,200,1
A2XENTYL1D1UOL,370.25,381.17241379310343,0.041603075009892035,112,4.446428571428571,35382.0,1472.0,18,0.0368852459,488,0
A2Y87M8V0N1M6P,247.42105263157896,332.1923076923077,0.28078962875662933,107,3.83177570093458,20364.0,5718.0,43,0.288590604,149,1
A2YP60DM1HYTH8,758.25,375.65384615384613,0.11617593602326427,105,4.647619047619048,27510.0,3196.0,18,0.0932642487,193,0
A2YTY52FZNII62,196.0,161.91489361702128,0.032434221413205365,112,4.776785714285714,12086.0,392.0,5,0.0301204819,166,0
A2Z5A7TCIR8M6E,80.0,207.41935483870967,0.021502399409376153,91,4.615384615384615,10836.0,233.0,3,0.0247933884,121,1
A2Z6GCD1ZNCT6Z,55.0,225.97142857142856,0.005123428039124359,91,4.989010989010989,10735.0,55.0,1,0.008,125,1
A2ZDEERVRN5AMC,226.76923076923077,180.96296296296296,0.23550439694001574,107,3.83177570093458,13987.0,3294.0,30,0.2654867257,113,1
A2ZSL0EDN3H4AT,405.5,307.10714285714283,0.03346952251248401,112,4.776785714285714,24231.0,811.0,6,0.0269058296,223,1
A3084P5PROPWOI,0,137.68965517241378,0.0,105,4.457142857142857,5611.0,0.0,0,0.0,78,0
A35J0Z5315SEBK,136.0,240.52,0.007384080790531002,105,4.457142857142857,18418.0,136.0,2,0.0090497738,221,1
A35P3396DDWKTT,0,160.375,0.0,91,4.615384615384615,10221.0,0.0,0,0.0,126,1
A361512FNHY889,145.0,145.8,0.01661319890009166,106,4.773584905660377,8728.0,145.0,2,0.018018018,111,0
A36IB78C6MVA3,374.0,232.625,0.017490529860169295,91,4.989010989010989,21383.0,374.0,5,0.0177304965,282,1
A37E5WQJFDG6QG,57.0,120.72413793103448,0.012875536480686695,108,4.018518518518518,4427.0,57.0,1,0.0196078431,51,1
A38DHLB88V8DL8,0,310.7826086956522,0.0,124,4.362903225806452,21641.0,0.0,0,0.0,257,1
A39SK1E6IMQBD5,364.25,435.10869565217394,0.05075240351121638,114,4.342105263157895,28708.0,1457.0,16,0.0540540541,296,0
A3A1KP2SJRGNRZ,328.0,261.0,0.016500969431954126,91,4.989010989010989,24241.0,400.0,6,0.0169014085,355,1
A3B2YRSMSC2J3T,0,163.88888888888889,0.0,106,4.2075471698113205,3122.0,0.0,0,0.0,46,1
A3DTG2QEFWI2II,0,178.25,0.0,106,4.2075471698113205,9205.0,0.0,0,0.0,113,1
A3EQVDHHKZRC0K,129.88888888888889,340.5192307692308,0.08134820820880063,112,3.625,33793.0,2749.0,45,0.0792253521,568,0
A3EU8ENRH654SB,140.0,338.43243243243245,0.0042383143618309515,106,4.773584905660377,33032.0,140.0,2,0.0063091483,317,1
A3FL5SZK2XRTFB,155.05882352941177,153.28571428571428,0.24232619151727153,95,5.926315789473684,11435.0,2771.0,33,0.2088607595,158,1
A3FPXYVABXB9IZ,304.0,132.9047619047619,0.040948275862068964,91,4.615384615384615,7424.0,304.0,3,0.0333333333,90,1
A3HNEYFOIJWPH1,62.0,185.75409836065575,0.004316045945005221,105,4.457142857142857,14365.0,62.0,1,0.0064102564,156,0
A3K0U7YO7V7KZF,0,191.37037037037038,0.0,106,4.773584905660377,7324.0,0.0,0,0.0,93,1
A3L95FSCN74FIF,511.5,213.45833333333334,0.0738734835355286,89,5.067415730337078,13848.0,1023.0,10,0.0632911392,158,1
A3MHP4LZ3V88NF,0,82.0,0.0,106,4.2075471698113205,2838.0,0.0,0,0.0,47,1
A3NXT3OVGL7QNR,50.0,665.75,0.0011750605156165544,89,5.067415730337078,42551.0,50.0,1,0.004,250,1
A3NXW2JI4DU0C0,0,206.96774193548387,0.0,91,4.989010989010989,9943.0,0.0,0,0.0,115,1
A3RDJ3UZ9EJP6Y,0,192.27777777777777,0.0,91,4.989010989010989,5468.0,0.0,0,0.0,50,1
A3RI9RLBGPG2B6,70.0,115.26315789473684,0.019948703334283273,108,4.018518518518518,3509.0,70.0,1,0.0181818182,55,0
A3RMV9ZGFJ0HHF,76.0,423.7586206896552,0.002169259312116455,105,4.457142857142857,35035.0,76.0,1,0.0031055901,322,1
A3RVHUY67SVXQV,187.0,263.94444444444446,0.342745958890441,107,3.83177570093458,10022.0,3435.0,33,0.375,88,0
A3VHDQR8A9JJ4F,124.0,296.0,0.005944391179290508,105,4.647619047619048,20860.0,124.0,2,0.0088888889,225,0
A489K1IFOM4JW,103.0,110.7741935483871,0.016777976869196937,101,4.425742574257426,6139.0,103.0,1,0.0119047619,84,1
A4CHLWPHZIP7Y,152.66666666666666,178.36363636363637,0.033154770522658174,114,4.342105263157895,13814.0,458.0,6,0.03125,192,1
A4W9APAHFWVLO,238.0,244.85714285714286,0.013858695652173913,112,4.446428571428571,22080.0,306.0,3,0.013215859,227,1
A4W9APAHFWVLO,135.0,343.38775510204084,0.006108597285067873,101,4.425742574257426,22100.0,135.0,1,0.0050505051,198,0
A7GT7BIC7ERWE,141.75,152.87878787878788,0.18750642145278948,107,3.83177570093458,9733.0,1825.0,24,0.1967213115,122,1
A7SW6SVNJ5V6O,153.5,178.0,0.052904564315352696,112,4.446428571428571,10604.0,561.0,6,0.052173913,115,0
A8C3WNWRBWUXO,315.5,559.3611111111111,0.03845367747963444,112,3.625,34249.0,1317.0,18,0.0391304348,460,0
A9KXY0C9JHSZL,80.0,138.27272727272728,0.0,124,4.338709677419355,3358.0,0.0,0,0.0,45,1
ACTQSBR4YRLZZ,265.42105263157896,292.35714285714283,0.24734904916308825,112,3.625,22822.0,5645.0,65,0.2398523985,271,0
AI8E3ZLZ3FO6O,216.0,270.46153846153845,0.05791661080573803,106,4.2075471698113205,7459.0,432.0,4,0.049382716,81,1
AIA7RZSAONU5M,261.0,432.6333333333333,0.013132654566917515,91,4.615384615384615,27108.0,356.0,3,0.0132743363,226,0
AKAM01E1R4KAF,131.0,199.5,0.3475266123982467,95,5.926315789473684,6388.0,2220.0,29,0.3222222222,90,1
AKNBC1TE88NDO,58.0,355.22641509433964,0.002224694104560623,101,4.425742574257426,26071.0,58.0,1,0.0035587189,281,0
AMPR904VJJFZY,84.57142857142857,160.30434782608697,0.0830928330928331,112,3.625,8316.0,691.0,10,0.1162790698,86,0
ANCTZADQC3D75,87.0,195.54545454545453,0.00856552131534902,88,5.045454545454546,10157.0,87.0,2,0.0168067227,119,0
ANX6Q4NMZL8EI,290.8235294117647,261.19444444444446,0.2028280196198651,112,3.625,26096.0,5293.0,60,0.2112676056,284,0
AQMLJYUQCSG22,0,262.1764705882353,0.0,91,4.989010989010989,13561.0,0.0,0,0.0,131,0
ARUXG5FD1Q76F,1031.0,288.65625,0.040069957248348234,89,5.067415730337078,25730.0,1031.0,11,0.0416666667,264,1
AT6LDQNLKTUSE,0,172.33333333333334,0.0,114,4.342105263157895,10148.0,0.0,0,0.0,115,0
ATA9BBCLTE2HS,56.0,85.75,0.011494252873563218,106,4.2075471698113205,4872.0,56.0,1,0.0172413793,58,1
AUA3VQ48GSMLF,0,78.0,0.0,124,4.338709677419355,573.0,0.0,0,0.0,10,1
AX8NXTT8QMGHC,819.0,258.0357142857143,0.04292677813302584,89,5.067415730337078,19079.0,819.0,6,0.032967033,182,1
AXY0D2AMLKE2A,107.66666666666667,140.08695652173913,0.0449672838646805,108,4.018518518518518,7183.0,323.0,3,0.0337078652,89,0
AYQTQYOLTNY0Y,62.0,85.66666666666667,0.032274856845393024,106,4.2075471698113205,1921.0,62.0,1,0.04,25,1
AYY0UC6KCN9RW,283.05882352941177,373.5882352941176,0.21694017539289745,112,3.625,23034.0,4997.0,74,0.212034384,349,0
AYYSG3O9FNU15,147.0,154.16666666666666,0.036431226765799254,89,5.067415730337078,4035.0,147.0,2,0.0540540541,37,1
AZU9D7YLCTAYV,238.05882352941177,326.6829268292683,0.14988871456197322,112,3.625,27407.0,4108.0,39,0.1857142857,210,0
p1-lab-control,197.8125,191.52,0.2883699841305826,112,3.625,13233.0,3816.0,35,0.3043478261,115,1
A10BH9PYCYUKDJ,239.66666666666666,476.68888888888887,0.023431413675316114,102,4.294117647058823,33374.0,782.0,7,0.0330188679,212,0
A10W3EILX06DFO,53.0,108.31111111111112,0.0,107,4.5233644859813085,7790.0,0.0,0,0.0,138,1
A11EZAV2HRYKD5,60.333333333333336,414.1730769230769,0.010243867857649228,122,4.19672131147541,28212.0,289.0,5,0.0125944584,397,1
A11YS0T8MV3Q7C,877.3333333333334,406.8965517241379,0.0805036031741581,102,4.294117647058823,35663.0,2871.0,18,0.0594059406,303,1
A12HLLXWOQJ14Q,0,177.58333333333334,0.0,122,3.9672131147540974,7781.0,0.0,0,0.0,102,0
A12NT768CR36E5,0,177.13636363636363,0.0,107,4.878504672897196,11336.0,0.0,0,0.0,127,1
A13WTEQ06V3B6D,0,278.4375,0.0,81,4.444444444444445,7489.0,0.0,0,0.0,69,1
A160BYMX7X0EPG,0,253.9056603773585,0.0,106,4.773584905660377,18376.0,0.0,0,0.0,245,0
A17Q4QN6UE0EZC,443.0,154.19230769230768,0.14967081199707388,109,4.458715596330276,6835.0,1023.0,9,0.1125,80,0
A18JFH5XQAUVAK,72.0,137.05555555555554,0.010638297872340425,91,5.208791208791209,6768.0,72.0,1,0.0120481928,83,0
A19F9CLZ0XWBYR,182.3846153846154,121.19047619047619,0.31689973927470966,107,4.878504672897196,8438.0,2674.0,28,0.3010752688,93,0
A19L8SNH73AX1Z,256.57142857142856,256.7368421052632,0.09512060023163302,100,4.34,19859.0,1889.0,15,0.0815217391,184,0
A1B7X75L6JOPGM,131.6,133.24242424242425,0.12388745334481768,122,4.19672131147541,6966.0,863.0,12,0.125,96,0
A1BASVXQK125PD,320.0,238.05882352941177,0.05564894788707901,122,3.9672131147540974,17251.0,960.0,11,0.047826087,230,0
A1CPY1HLCFTIL1,326.5,664.2203389830509,0.01220925884376636,106,4.773584905660377,53484.0,653.0,8,0.015625,512,1
A1D26DHX9CDRGI,76.5,112.52173913043478,0.03444394416929311,108,4.694444444444445,4442.0,153.0,2,0.0350877193,57,1
A1D41E24S4E4I4,307.0,292.44642857142856,0.0,107,4.5233644859813085,23590.0,0.0,0,0.0,265,1
A1HR8IRDC07FO9,1096.0,308.7878787878788,0.06211391328988382,91,5.208791208791209,17645.0,1096.0,11,0.0509259259,216,1
A1IJ6E21R29K53,0,235.23333333333332,0.0,113,4.017699115044247,12807.0,0.0,0,0.0,148,0
A1ISZTMNHXPB4C,208.875,202.02083333333334,0.12793667007150153,122,4.19672131147541,15664.0,2004.0,21,0.1193181818,176,0
A1JI19KPIVNL3Y,176.625,299.52941176470586,0.08661807724726064,107,4.878504672897196,20169.0,1747.0,22,0.0901639344,244,0
A1JWPEUSQYB6XL,0,237.88888888888889,0.0,113,4.017699115044247,5989.0,0.0,0,0.0,59,0
A1K76PLMB0YQT5,333.88235294117646,588.2692307692307,0.13982197235886626,103,4.844660194174757,42690.0,5969.0,89,0.1442463533,617,1
A1KGPGSI6I9TQ5,64.0,106.5,0.014918414918414918,108,4.694444444444445,4290.0,64.0,1,0.0192307692,52,0
A1LTVR9DOB62B1,300.0,207.66666666666666,0.4208318132068588,103,4.844660194174757,16446.0,6921.0,68,0.3655913978,186,0
A1N93G08WP4XH7,63.0,357.88,0.0033635878270154834,91,5.208791208791209,18730.0,63.0,1,0.0065789474,152,0
A1OM5NWYYYJKQW,167.0,226.5,0.03280620764168549,81,4.444444444444445,10181.0,334.0,3,0.038961039,77,1
A1OZPLHNIU1519,146.66666666666666,166.5,0.03538399678327302,112,4.5,12435.0,440.0,5,0.0328947368,152,1
A1PHDT66U6IK4Q,0,215.26315789473685,0.0,108,4.694444444444445,15543.0,0.0,0,0.0,206,1
A1QMJNJ5FGC09,445.42105263157896,288.42105263157896,0.3046281657831923,103,4.844660194174757,32259.0,9827.0,51,0.2217391304,230,0
A1T9BJRS4IL8VQ,119.5,85.0,0.13759355210132412,100,4.34,1737.0,239.0,3,0.1304347826,23,0
A1VGM6OJRPRNCQ,0,162.42857142857142,0.0,122,3.9672131147540974,9181.0,0.0,0,0.0,111,0
A1WH32GYQOHIRQ,185.33333333333334,619.7714285714286,0.03081527462173696,103,4.844660194174757,36086.0,1112.0,9,0.023872679,377,1
A1WRZX4HNRMVG1,205.0,235.62121212121212,0.018680517587023875,108,4.694444444444445,21948.0,410.0,5,0.0217391304,230,0
A1YRYQBQGQRY1Q,105.33333333333333,365.2340425531915,0.010069145715833413,88,4.431818181818182,31383.0,316.0,5,0.018115942,276,0
A1YTB9G04PC71S,294.0,209.675,0.01585162020811991,112,4.5,18547.0,294.0,3,0.015625,192,0
A20SL254675EOK,0,113.93333333333334,0.0,122,3.9672131147540974,3639.0,0.0,0,0.0,43,0
A23KAJRDVCVGOE,0,227.19230769230768,0.0,93,5.56989247311828,13114.0,0.0,0,0.0,163,0
A24LB89P1BPKKF,199.2,412.13513513513516,0.10224357933699146,103,4.844660194174757,30799.0,3149.0,40,0.1162790698,344,1
A25TQ73VVCOM4X,305.8421052631579,317.1521739130435,0.17970291602718702,103,4.844660194174757,36488.0,6557.0,86,0.1765913758,487,0
A28VE2YSRYE3B8,0,116.625,0.0,91,5.208791208791209,1352.0,0.0,0,0.0,16,0
A292T1OXCVXN78,0,85.0,0.0,71,4.323943661971831,1293.0,0.0,0,0.0,20,1
A293JF50QSYCRO,1036.0,287.97222222222223,0.035363189513926814,91,5.208791208791209,29296.0,1036.0,10,0.0307692308,325,1
A2APG8MSLJ6G2K,0,171.21052631578948,0.0,81,4.444444444444445,9567.0,0.0,0,0.0,119,1
A2G57M3XD1AIBS,148.0,347.1219512195122,0.013562221271916428,107,4.878504672897196,32738.0,444.0,5,0.0129533679,386,0
A2H1QUGX0SOUMH,156.0,148.89473684210526,0.06396063960639606,100,4.34,4878.0,312.0,4,0.0571428571,70,0
A2HOEI5M6G883O,508.6666666666667,606.3888888888889,0.058516263419323825,88,4.431818181818182,31205.0,1826.0,7,0.056,125,0
A2I6ZALE49CVSC,463.5,303.3488372093023,0.03361253127379528,122,3.9672131147540974,27579.0,927.0,10,0.0338983051,295,0
A2IFHU3P1MF54K,166.33333333333334,360.344262295082,0.014488124963707102,102,4.294117647058823,34442.0,499.0,5,0.0177304965,282,1
A2IQ0QCTQ3KWLT,204.0,375.02127659574467,0.007780023645169902,106,4.339622641509434,26221.0,204.0,1,0.0053191489,188,0
A2LLOJFA11FSZF,0,254.0,0.0,106,4.773584905660377,18226.0,0.0,0,0.0,242,0
A2N9U74YIPDQ9F,188.0,202.86666666666667,0.03766402884904337,93,5.56989247311828,9983.0,376.0,3,0.032967033,91,0
A2OU4N4VBIE91I,0,290.0652173913044,0.0,91,5.208791208791209,24410.0,0.0,0,0.0,237,0
A2OVX9UW5WANQE,312.0,155.44444444444446,0.05589895189465197,109,4.458715596330276,11163.0,624.0,7,0.0466666667,150,0
A2PSR3CMNR1R9X,213.71428571428572,239.04347826086956,0.10233258088788563,100,4.34,14619.0,1496.0,13,0.1015625,128,0
A2QABS5PO2AYES,0,531.6111111111111,0.0,108,4.694444444444445,11625.0,0.0,0,0.0,107,0
A2RBF3IIJP15IH,0,227.225,0.0,106,4.773584905660377,12537.0,0.0,0,0.0,145,0
A2RC9V49MHS973,0,252.5,0.0,107,4.5233644859813085,5555.0,0.0,0,0.0,61,1
A2UKBPPWF76NCT,0,181.65714285714284,0.0,106,4.773584905660377,8956.0,0.0,0,0.0,122,0
A2V27A9GZA1NR2,358.1666666666667,196.89473684210526,0.10832745236414962,100,4.34,19838.0,2149.0,17,0.0971428571,175,1
A2VLTSW6CXIUMR,0,500.94202898550725,0.0,106,4.773584905660377,46621.0,0.0,0,0.0,413,1
A2WBGRTWOXDE6M,1249.5,487.98039215686276,0.07395422997561434,106,4.339622641509434,42648.0,3154.0,15,0.0597609562,251,0
A2XENTYL1D1UOL,865.3333333333334,764.5294117647059,0.03420155934161132,102,4.294117647058823,86575.0,2961.0,34,0.0275303644,1235,0
A2Y87M8V0N1M6P,391.5,237.14285714285714,0.054265714879756045,81,4.444444444444445,14429.0,783.0,6,0.0560747664,107,1
A2YP60DM1HYTH8,232.92857142857142,507.9166666666667,0.10453121857311151,103,4.844660194174757,34803.0,3638.0,25,0.0939849624,266,0
A2YTY52FZNII62,220.1,117.5,0.1912634735391847,100,4.34,12339.0,2360.0,27,0.1588235294,170,0
A2Z5A7TCIR8M6E,114.5,264.2631578947368,0.010013555468100923,106,4.339622641509434,22869.0,229.0,3,0.0111111111,270,0
A2Z6GCD1ZNCT6Z,320.0,440.9574468085106,0.02939915477430024,107,4.878504672897196,32654.0,960.0,8,0.023880597,335,0
A2ZDEERVRN5AMC,0,209.75,0.0,81,4.444444444444445,9252.0,0.0,0,0.0,81,1
A2ZSL0EDN3H4AT,373.0,220.7058823529412,0.13355317394888705,100,4.34,21834.0,2916.0,23,0.1095238095,210,0
A3084P5PROPWOI,0,118.6,0.0,112,4.5,3305.0,0.0,0,0.0,37,1
A35J0Z5315SEBK,305.3333333333333,383.9767441860465,0.031694405037887965,112,4.5,28901.0,916.0,11,0.0310734463,354,1
A35P3396DDWKTT,69.0,365.55102040816325,0.0024098910310142497,106,4.339622641509434,28632.0,69.0,1,0.0029498525,339,0
A361512FNHY889,217.0,183.03846153846155,0.010507396654223696,107,4.5233644859813085,7233.0,76.0,1,0.012987013,77,1
A36IB78C6MVA3,229.0,135.0,0.02454974271012007,107,4.878504672897196,9328.0,229.0,3,0.0247933884,121,1
A37E5WQJFDG6QG,0,103.8529411764706,0.0,108,4.694444444444445,4705.0,0.0,0,0.0,60,0
A38DHLB88V8DL8,924.0,284.0,0.08867431663401437,109,4.458715596330276,21438.0,1901.0,23,0.0807017544,285,0
A39SK1E6IMQBD5,469.0,412.0,0.020653180975911057,93,5.56989247311828,25904.0,535.0,5,0.0187969925,266,0
A3A1KP2SJRGNRZ,0,157.54545454545453,0.0,107,4.878504672897196,8273.0,0.0,0,0.0,114,0
A3B2YRSMSC2J3T,0,95.71428571428571,0.0,113,4.017699115044247,2072.0,0.0,0,0.0,30,0
A3DTG2QEFWI2II,0,240.04166666666666,0.0,113,4.017699115044247,17280.0,0.0,0,0.0,221,0
A3EQVDHHKZRC0K,543.0,511.76190476190476,0.016015809344030203,71,4.323943661971831,33904.0,543.0,9,0.0148026316,608,0
A3EU8ENRH654SB,0,342.537037037037,0.0,107,4.5233644859813085,25430.0,0.0,0,0.0,239,1
A3FL5SZK2XRTFB,209.66666666666666,259.0,0.02490793173088346,122,3.9672131147540974,25253.0,629.0,8,0.0242424242,330,1
A3FPXYVABXB9IZ,0,168.06666666666666,0.0,106,4.339622641509434,5614.0,0.0,0,0.0,82,0
A3HNEYFOIJWPH1,0,183.0,0.0,112,4.5,12419.0,0.0,0,0.0,116,1
A3K0U7YO7V7KZF,0,338.7567567567568,0.0,107,4.5233644859813085,19999.0,0.0,0,0.0,231,1
A3L95FSCN74FIF,189.33333333333334,133.35294117647058,0.09374484238323155,107,4.878504672897196,6059.0,568.0,6,0.0909090909,66,0
A3MHP4LZ3V88NF,132.0,50.0,0.16136919315403422,113,4.017699115044247,1636.0,264.0,4,0.1538461538,26,0
A3NXT3OVGL7QNR,617.0,663.2558139534884,0.037206940943953874,88,4.431818181818182,55151.0,2052.0,17,0.0437017995,389,0
A3NXW2JI4DU0C0,343.5,316.6829268292683,0.0352598713554627,107,4.878504672897196,21299.0,751.0,10,0.0448430493,223,0
A3RDJ3UZ9EJP6Y,121.5,495.6,0.0071929668768315426,107,4.878504672897196,33783.0,243.0,2,0.007751938,258,0
A3RI9RLBGPG2B6,0,97.75862068965517,0.0,108,4.694444444444445,4448.0,0.0,0,0.0,61,1
A3RMV9ZGFJ0HHF,103.0,396.0833333333333,0.005107480227109315,112,4.5,40333.0,206.0,3,0.007751938,387,1
A3RVHUY67SVXQV,0,183.14285714285714,0.0,81,4.444444444444445,6461.0,0.0,0,0.0,61,1
A3VHDQR8A9JJ4F,218.93333333333334,282.0882352941176,0.1657754010695187,103,4.844660194174757,24123.0,3999.0,47,0.1865079365,252,0
A489K1IFOM4JW,571.0,201.2941176470588,0.13297297297297297,91,5.208791208791209,5550.0,738.0,9,0.1323529412,68,1
A4CHLWPHZIP7Y,183.5,176.80769230769232,0.042217876452317955,93,5.56989247311828,8693.0,367.0,6,0.045112782,133,1
A4W9APAHFWVLO,159.0,270.75,0.015726225211413876,102,4.294117647058823,20221.0,318.0,3,0.0142180095,211,0
A4W9APAHFWVLO,368.0,378.9736842105263,0.019470899470899472,91,5.208791208791209,18900.0,368.0,4,0.0281690141,142,0
A7GT7BIC7ERWE,197.0,106.42105263157895,0.02469290549009777,81,4.444444444444445,7978.0,197.0,3,0.03125,96,1
A7SW6SVNJ5V6O,296.0,209.47222222222223,0.07563587684069611,102,4.294117647058823,13446.0,1017.0,11,0.0802919708,137,0
A8C3WNWRBWUXO,735.0,144.7,0.033870398682817826,71,4.323943661971831,17006.0,576.0,9,0.038961039,231,1
A9KXY0C9JHSZL,78.0,139.36,0.052099533437014,122,4.19672131147541,5144.0,268.0,3,0.0428571429,70,0
ACTQSBR4YRLZZ,56.0,100.33333333333333,0.003971349549677328,71,4.323943661971831,14101.0,56.0,1,0.0051020408,196,0
AI8E3ZLZ3FO6O,297.5,251.9047619047619,0.017445227294662677,113,4.017699115044247,41444.0,723.0,9,0.0196078431,459,0
AIA7RZSAONU5M,152.0,332.68888888888887,0.014094955489614243,106,4.339622641509434,21568.0,304.0,4,0.0209424084,191,0
AKAM01E1R4KAF,65.0,131.14814814814815,0.009592680047225502,122,3.9672131147540974,6776.0,65.0,1,0.011627907,86,1
AKNBC1TE88NDO,1792.0,521.5263157894736,0.039134373427277304,91,5.208791208791209,49675.0,1944.0,22,0.041509434,530,0
AMPR904VJJFZY,0,78.0,0.0,71,4.323943661971831,597.0,0.0,0,0.0,9,0
ANCTZADQC3D75,59.0,286.1666666666667,0.0,106,4.773584905660377,12891.0,0.0,0,0.0,122,1
ANX6Q4NMZL8EI,219.0,307.88235294117646,0.0,71,4.323943661971831,11235.0,0.0,0,0.0,128,1
AQMLJYUQCSG22,274.6666666666667,327.0882352941176,0.03582452936828834,107,4.878504672897196,23001.0,824.0,5,0.0264550265,189,0
ARUXG5FD1Q76F,447.0,254.75675675675674,0.10568196764435091,88,4.431818181818182,15206.0,1607.0,16,0.0952380952,168,0
AT6LDQNLKTUSE,0,173.9090909090909,0.0,93,5.56989247311828,10488.0,0.0,0,0.0,128,0
ATA9BBCLTE2HS,62.5,461.84615384615387,0.013791469194312796,113,4.017699115044247,21100.0,291.0,3,0.013215859,227,0
AUA3VQ48GSMLF,0,66.66666666666667,0.0,122,4.19672131147541,780.0,0.0,0,0.0,15,0
AX8NXTT8QMGHC,671.0,280.2682926829268,0.09903955876759224,88,4.431818181818182,21032.0,2083.0,18,0.0909090909,198,0
AXY0D2AMLKE2A,68.5,159.59375,0.01668290306867998,108,4.694444444444445,8212.0,137.0,2,0.0198019802,101,1
AYQTQYOLTNY0Y,151.0,107.2,0.04326647564469914,113,4.017699115044247,3490.0,151.0,2,0.0377358491,53,0
AYY0UC6KCN9RW,579.0,438.75,0.025472651176215905,71,4.323943661971831,27716.0,706.0,11,0.0268292683,410,0
AYYSG3O9FNU15,196.0,168.1818181818182,0.02852153667054715,88,4.431818181818182,6872.0,196.0,2,0.0338983051,59,1
AZU9D7YLCTAYV,197.0,321.0,0.011195726301432144,71,4.323943661971831,17596.0,197.0,2,0.0131578947,152,1
p1-lab-control,165.0,135.33333333333334,0.022409344017384217,71,4.323943661971831,7363.0,165.0,2,0.0338983051,59,0
A10BH9PYCYUKDJ,0,547.1315789473684,0.0,107,4.719626168224299,47205.0,0.0,0,0.0,324,0
A10W3EILX06DFO,50.0,80.3076923076923,0.053406998158379376,114,4.894736842105263,2715.0,145.0,2,0.0392156863,51,1
A11EZAV2HRYKD5,61.0,287.6119402985075,0.0067708511438634884,105,4.142857142857143,29243.0,198.0,3,0.0066079295,454,0
A11YS0T8MV3Q7C,332.0,538.6153846153846,0.018704598952137486,107,4.719626168224299,39509.0,739.0,9,0.0265486726,339,0
A12HLLXWOQJ14Q,0,143.25,0.0,71,4.323943661971831,4995.0,0.0,0,0.0,71,1
A12NT768CR36E5,216.83333333333334,115.91666666666667,0.35205479452054794,87,5.298850574712644,13140.0,4626.0,55,0.3503184713,157,1
A13WTEQ06V3B6D,170.0,153.35294117647058,0.029299048089998763,105,4.142857142857143,8089.0,237.0,2,0.021978022,91,0
A160BYMX7X0EPG,280.0,239.80851063829786,0.22616448326055313,107,4.719626168224299,21984.0,4972.0,65,0.2117263844,307,1
A17Q4QN6UE0EZC,0,134.43478260869566,0.0,130,3.6538461538461537,5336.0,0.0,0,0.0,65,1
A18JFH5XQAUVAK,0,92.6923076923077,0.0,107,4.607476635514018,3309.0,0.0,0,0.0,50,0
A19F9CLZ0XWBYR,363.5,156.56,0.20725995316159251,94,4.24468085106383,7686.0,1593.0,13,0.1382978723,94,0
A19L8SNH73AX1Z,1344.0,184.75510204081633,0.09150949819568326,106,4.773584905660377,14687.0,1344.0,7,0.052238806,134,0
A1B7X75L6JOPGM,0,78.22222222222223,0.0,105,4.142857142857143,1241.0,0.0,0,0.0,18,1
A1BASVXQK125PD,0,105.25,0.0,71,4.323943661971831,3830.0,0.0,0,0.0,67,1
A1CPY1HLCFTIL1,775.5,849.6666666666666,0.24088302919176927,107,4.719626168224299,68718.0,16553.0,168,0.2304526749,729,0
A1D26DHX9CDRGI,124.0,74.6,0.0,85,5.329411764705882,3062.0,0.0,0,0.0,41,1
A1D41E24S4E4I4,184.2,373.3,0.10083259947161957,114,4.894736842105263,24982.0,2519.0,25,0.0909090909,275,0
A1HR8IRDC07FO9,0,258.4166666666667,0.0,110,4.136363636363637,16493.0,0.0,0,0.0,223,1
A1IJ6E21R29K53,0,257.6060606060606,0.0,112,4.776785714285714,10365.0,0.0,0,0.0,121,0
A1ISZTMNHXPB4C,59.0,128.05714285714285,0.00891508008461771,105,4.142857142857143,6618.0,59.0,1,0.0113636364,88,1
A1JI19KPIVNL3Y,203.75,218.74418604651163,0.05950208074760897,94,4.24468085106383,13697.0,815.0,8,0.0526315789,152,0
A1JWPEUSQYB6XL,0,134.47058823529412,0.0,112,4.776785714285714,2862.0,0.0,0,0.0,33,0
A1K76PLMB0YQT5,436.5,368.3333333333333,0.06160842210178783,107,4.5233644859813085,32106.0,1978.0,32,0.0634920635,504,0
A1KGPGSI6I9TQ5,138.0,147.07142857142858,0.0192414947016174,85,5.329411764705882,7172.0,138.0,2,0.0215053763,93,1
A1LTVR9DOB62B1,210.25,270.2456140350877,0.03483559438951483,107,4.5233644859813085,26094.0,909.0,11,0.0372881356,295,0
A1N93G08WP4XH7,68.0,245.45454545454547,0.004334246924596851,110,4.136363636363637,15689.0,68.0,1,0.0072992701,137,0
A1OM5NWYYYJKQW,174.0,188.83333333333334,0.015306122448979591,105,4.142857142857143,11368.0,174.0,1,0.0105263158,95,0
A1OZPLHNIU1519,350.3333333333333,200.4255319148936,0.06785460649493189,103,5.106796116504855,15489.0,1051.0,13,0.0722222222,180,1
A1PHDT66U6IK4Q,480.0,243.0,0.04709495776810852,85,5.329411764705882,11721.0,552.0,7,0.0469798658,149,0
A1QMJNJ5FGC09,396.0,336.3692307692308,0.02299519274931872,107,4.5233644859813085,32659.0,751.0,5,0.0183150183,273,0
A1T9BJRS4IL8VQ,169.5,108.18181818181819,0.12410071942446044,106,4.773584905660377,3336.0,414.0,5,0.1136363636,44,0
A1VGM6OJRPRNCQ,0,156.0,0.0,71,4.323943661971831,3093.0,0.0,0,0.0,47,0
A1WH32GYQOHIRQ,81.5,324.06666666666666,0.005737618360378754,107,4.5233644859813085,28409.0,163.0,2,0.0061919505,323,1
A1WRZX4HNRMVG1,213.0,294.875,0.013723342568133496,85,5.329411764705882,15521.0,213.0,2,0.0122699387,163,0
A1YRYQBQGQRY1Q,0,386.95,0.0,67,4.373134328358209,23026.0,0.0,0,0.0,219,0
A1YTB9G04PC71S,186.5,166.72222222222223,0.03850123864574732,103,5.106796116504855,9688.0,373.0,5,0.0434782609,115,1
A20SL254675EOK,0,186.5,0.0,71,4.323943661971831,1780.0,0.0,0,0.0,21,1
A23KAJRDVCVGOE,56.0,144.20689655172413,0.006683375104427736,107,5.05607476635514,8379.0,56.0,1,0.0089285714,112,0
A24LB89P1BPKKF,112.75,330.2,0.012605159451074653,107,4.5233644859813085,35779.0,451.0,7,0.0146750524,477,0
A25TQ73VVCOM4X,138.0,240.50704225352112,0.0166525883914565,107,4.5233644859813085,24861.0,414.0,4,0.0118343195,338,0
A28VE2YSRYE3B8,136.0,108.14285714285714,0.029545948294590483,110,4.136363636363637,4603.0,136.0,2,0.0338983051,59,0
A292T1OXCVXN78,171.0,165.36111111111111,0.01634486713821449,102,4.3431372549019605,10462.0,171.0,2,0.016,125,0
A293JF50QSYCRO,741.0,314.4186046511628,0.03546472671580358,107,4.607476635514018,20894.0,741.0,9,0.0324909747,277,0
A2APG8MSLJ6G2K,67.0,180.975,0.013893208916537066,105,4.142857142857143,9645.0,134.0,2,0.0165289256,121,1
A2G57M3XD1AIBS,469.88235294117646,275.14285714285717,0.3964447736320711,87,5.298850574712644,21602.0,8564.0,110,0.355987055,309,1
A2H1QUGX0SOUMH,129.0,75.3103448275862,0.04738604172031934,106,4.773584905660377,3883.0,184.0,3,0.0454545455,66,1
A2HOEI5M6G883O,0,464.2,0.0,67,4.373134328358209,21725.0,0.0,1,0.0090909091,110,1
A2I6ZALE49CVSC,0,168.41666666666666,0.0,71,4.323943661971831,10306.0,0.0,0,0.0,101,1
A2IFHU3P1MF54K,93.0,354.13513513513516,0.0036130536130536133,107,4.719626168224299,25740.0,93.0,1,0.004,250,1
A2IQ0QCTQ3KWLT,0,269.4230769230769,0.0,110,4.136363636363637,25824.0,0.0,0,0.0,207,0
A2LLOJFA11FSZF,163.25,107.5,0.29494614747307374,107,4.719626168224299,2414.0,712.0,9,0.3,30,1
A2N9U74YIPDQ9F,153.8,195.72413793103448,0.21808834472028682,107,5.05607476635514,14783.0,3224.0,33,0.2244897959,147,0
A2OU4N4VBIE91I,1171.0,236.02325581395348,0.04326163994245816,110,4.136363636363637,28501.0,1233.0,12,0.0456273764,263,1
A2OVX9UW5WANQE,0,213.62962962962962,0.0,130,3.6538461538461537,15072.0,0.0,0,0.0,192,1
A2PSR3CMNR1R9X,377.0,185.19672131147541,0.052318437560628595,106,4.773584905660377,15463.0,809.0,7,0.0451612903,155,0
A2QABS5PO2AYES,73.0,184.14285714285714,0.01806036615536863,85,5.329411764705882,4042.0,73.0,1,0.0192307692,52,0
A2RBF3IIJP15IH,235.8235294117647,279.45,0.3797909407665505,107,4.719626168224299,11193.0,4251.0,50,0.390625,128,1
A2RC9V49MHS973,0,406.0416666666667,0.0,114,4.894736842105263,12420.0,0.0,0,0.0,135,1
A2UKBPPWF76NCT,380.06666666666666,245.325,0.3077840607881251,107,4.719626168224299,22636.0,6967.0,101,0.2970588235,340,1
A2V27A9GZA1NR2,150.5,239.08,0.015564403536894358,106,4.773584905660377,19339.0,301.0,3,0.0154639175,194,1
A2VLTSW6CXIUMR,358.7368421052632,454.74418604651163,0.2048430240743348,107,4.719626168224299,35515.0,7275.0,74,0.2,370,1
A2WBGRTWOXDE6M,342.0,494.02564102564105,0.03156254711765593,110,4.136363636363637,39794.0,1256.0,3,0.0120481928,249,1
A2XENTYL1D1UOL,1058.5,414.81481481481484,0.03992437314145159,107,4.719626168224299,54478.0,2175.0,26,0.0340760157,763,0
A2Y87M8V0N1M6P,0,255.0,0.0,105,4.142857142857143,19979.0,0.0,0,0.0,149,0
A2YP60DM1HYTH8,250.5,369.42105263157896,0.018133830150597732,107,4.5233644859813085,32205.0,584.0,4,0.015037594,266,0
A2YTY52FZNII62,68.0,131.58,0.007174509390166702,106,4.773584905660377,9478.0,68.0,1,0.0076335878,131,1
A2Z5A7TCIR8M6E,120.5,126.72,0.03193321849741619,110,4.136363636363637,7547.0,241.0,3,0.0309278351,97,0
A2Z6GCD1ZNCT6Z,378.77777777777777,230.5625,0.3567248746052387,87,5.298850574712644,21532.0,7681.0,74,0.3775510204,196,1
A2ZDEERVRN5AMC,476.0,216.925,0.03204092622509424,105,4.142857142857143,14856.0,476.0,2,0.0136054422,147,1
A2ZSL0EDN3H4AT,190.5,261.2878787878788,0.014665691520073906,106,4.773584905660377,25979.0,381.0,3,0.0111111111,270,0
A3084P5PROPWOI,0,108.07692307692308,0.0,103,5.106796116504855,2363.0,0.0,0,0.0,37,1
A35J0Z5315SEBK,306.0,185.7843137254902,0.01783216783216783,103,5.106796116504855,17160.0,306.0,4,0.0181818182,220,1
A35P3396DDWKTT,101.0,129.43478260869566,0.010218535006070418,110,4.136363636363637,9884.0,101.0,1,0.0075757576,132,0
A361512FNHY889,188.5,193.4,0.07917673002205187,114,4.894736842105263,9523.0,754.0,8,0.0824742268,97,1
A36IB78C6MVA3,119.91666666666667,136.33333333333334,0.2542290961817303,87,5.298850574712644,6207.0,1578.0,21,0.2441860465,86,1
A37E5WQJFDG6QG,621.0,123.6923076923077,0.07313626192439053,85,5.329411764705882,8491.0,621.0,9,0.0818181818,110,0
A38DHLB88V8DL8,360.0,236.61904761904762,0.016931615087950335,130,3.6538461538461537,21262.0,360.0,4,0.013559322,295,0
A39SK1E6IMQBD5,276.90909090909093,501.7857142857143,0.10915451203604885,107,5.05607476635514,33732.0,3682.0,44,0.1246458924,353,0
A3A1KP2SJRGNRZ,255.58823529411765,160.35714285714286,0.3671555492878296,87,5.298850574712644,14182.0,5207.0,71,0.3397129187,209,1
A3B2YRSMSC2J3T,0,96.05882352941177,0.0,112,4.776785714285714,2404.0,0.0,0,0.0,34,0
A3DTG2QEFWI2II,0,154.93333333333334,0.0,112,4.776785714285714,2766.0,0.0,0,0.0,33,0
A3EQVDHHKZRC0K,109.5,257.32394366197184,0.007541322314049587,102,4.3431372549019605,29040.0,219.0,4,0.0080808081,495,1
A3EU8ENRH654SB,77.0,456.4,0.026003559422582558,114,4.894736842105263,20228.0,526.0,7,0.0360824742,194,1
A3FL5SZK2XRTFB,147.0,150.72727272727272,0.01163895486935867,71,4.323943661971831,12630.0,147.0,2,0.011627907,172,1
A3FPXYVABXB9IZ,69.0,167.70833333333334,0.006350082827167311,110,4.136363636363637,10866.0,69.0,1,0.0073529412,136,0
A3HNEYFOIJWPH1,329.5,231.61764705882354,0.05979493693857182,103,5.106796116504855,11021.0,659.0,4,0.0344827586,116,0
A3K0U7YO7V7KZF,106.0,96.66666666666667,0.34485407066052226,114,4.894736842105263,2604.0,898.0,12,0.2926829268,41,1
A3L95FSCN74FIF,93.33333333333333,167.76923076923077,0.028717948717948718,94,4.24468085106383,9750.0,280.0,3,0.0229007634,131,0
A3MHP4LZ3V88NF,0,100.66666666666667,0.0,112,4.776785714285714,1476.0,0.0,0,0.0,24,0
A3NXT3OVGL7QNR,760.5,632.2307692307693,0.03782301140464848,67,4.373134328358209,41562.0,1572.0,14,0.038147139,367,1
A3NXW2JI4DU0C0,239.4375,222.72222222222223,0.22433189106642912,87,5.298850574712644,19645.0,4407.0,43,0.2028301887,212,1
A3RDJ3UZ9EJP6Y,278.6666666666667,311.70588235294116,0.18358281881579533,87,5.298850574712644,22513.0,4133.0,42,0.1935483871,217,1
A3RI9RLBGPG2B6,0,82.6,0.0,85,5.329411764705882,3140.0,0.0,0,0.0,47,1
A3RMV9ZGFJ0HHF,340.0,456.9818181818182,0.021124797948832284,103,5.106796116504855,35882.0,758.0,9,0.0255681818,352,0
A3RVHUY67SVXQV,69.0,167.35294117647058,0.007920110192837466,105,4.142857142857143,8712.0,69.0,1,0.0120481928,83,0
A3VHDQR8A9JJ4F,90.0,216.59259259259258,0.014332181337670257,107,4.5233644859813085,19676.0,282.0,4,0.0179372197,223,0
A489K1IFOM4JW,52.0,231.28571428571428,0.005574614065180103,107,4.607476635514018,9328.0,52.0,1,0.0089285714,112,0
A4CHLWPHZIP7Y,242.10526315789474,176.48275862068965,0.27727577838591416,107,5.05607476635514,19367.0,5370.0,74,0.2690909091,275,0
A4W9APAHFWVLO,68.0,207.0,0.009969212725406832,107,4.719626168224299,13642.0,136.0,2,0.0129032258,155,0
A4W9APAHFWVLO,79.0,283.2857142857143,0.004148288174753203,107,4.607476635514018,19044.0,79.0,1,0.0060606061,165,0
A7GT7BIC7ERWE,60.0,129.09375,0.008805400645729381,105,4.142857142857143,6814.0,60.0,1,0.0114942529,87,0
A7SW6SVNJ5V6O,272.0,253.4090909090909,0.04594594594594595,107,4.719626168224299,11840.0,544.0,4,0.0363636364,110,0
A8C3WNWRBWUXO,0,400.72340425531917,0.0,102,4.3431372549019605,28755.0,0.0,0,0.0,380,1
A9KXY0C9JHSZL,0,101.0,0.0,105,4.142857142857143,2426.0,0.0,0,0.0,33,1
ACTQSBR4YRLZZ,166.0,210.75471698113208,0.016345822460735564,102,4.3431372549019605,20311.0,332.0,5,0.0183150183,273,1
AI8E3ZLZ3FO6O,70.0,107.6875,0.03098716246126605,112,4.776785714285714,2259.0,70.0,1,0.03125,32,0
AIA7RZSAONU5M,0,334.6666666666667,0.0,110,4.136363636363637,19504.0,0.0,0,0.0,193,1
AKAM01E1R4KAF,0,101.33333333333333,0.0,71,4.323943661971831,2450.0,0.0,0,0.0,33,0
AKNBC1TE88NDO,442.0,409.25454545454545,0.016302617334267338,107,4.607476635514018,31406.0,512.0,5,0.0159235669,314,0
AMPR904VJJFZY,0,110.46666666666667,0.0,102,4.3431372549019605,7158.0,0.0,0,0.0,85,1
ANCTZADQC3D75,198.28571428571428,212.92307692307693,0.2690852819807428,107,4.719626168224299,11632.0,3130.0,39,0.314516129,124,1
ANX6Q4NMZL8EI,166.0,271.7659574468085,0.008385956049507452,102,4.3431372549019605,19795.0,166.0,1,0.0044843049,223,1
AQMLJYUQCSG22,372.8888888888889,334.3333333333333,0.26321503698174664,87,5.298850574712644,14737.0,3879.0,31,0.219858156,141,1
ARUXG5FD1Q76F,323.0,312.0731707317073,0.039517563361494,67,4.373134328358209,17992.0,711.0,9,0.0420560748,214,1
AT6LDQNLKTUSE,0,246.06896551724137,0.0,107,5.05607476635514,12328.0,0.0,0,0.0,138,0
ATA9BBCLTE2HS,0,199.1,0.0,112,4.776785714285714,2950.0,0.0,0,0.0,34,0
AUA3VQ48GSMLF,0,67.0,0.0,105,4.142857142857143,67.0,0.0,0,0.0,1,1
AX8NXTT8QMGHC,126.0,237.21875,0.010721579305650103,67,4.373134328358209,11752.0,126.0,2,0.015503876,129,0
AXY0D2AMLKE2A,319.0,177.33333333333334,0.053095872170439415,85,5.329411764705882,6008.0,319.0,4,0.0506329114,79,0
AYQTQYOLTNY0Y,0,99.5,0.0,112,4.776785714285714,2412.0,0.0,0,0.0,34,0
AYY0UC6KCN9RW,0,190.28070175438597,0.0,102,4.3431372549019605,16578.0,0.0,0,0.0,259,1
AYYSG3O9FNU15,0,172.16666666666666,0.0,67,4.373134328358209,5282.0,0.0,0,0.0,45,1
AZU9D7YLCTAYV,685.0,245.25862068965517,0.029593467836004667,102,4.3431372549019605,23147.0,685.0,3,0.0138248848,217,1
p1-lab-control,102.0,189.38709677419354,0.011263250883392226,102,4.3431372549019605,9056.0,102.0,1,0.01,100,1
