id,trialid,in_span_mean,out_span_mean,relative_TRT,Text_TRT,Target_TRT,Fix_Target,target_to_fixation_ratio,Fix_Total,Correct_Flag
A10BH9PYCYUKDJ,meco_para_3,436.14285714285717,634.0,0.09963498503908637,63833.0,6360.0,42,0.1144414169,367,1
A10W3EILX06DFO,meco_para_11,55.57142857142857,102.32142857142857,0.04390023699356732,8861.0,389.0,7,0.0479452055,146,1
A11EZAV2HRYKD5,meco_para_12,161.75,137.77083333333334,0.06739583333333334,9600.0,647.0,6,0.0454545455,132,1
A11YS0T8MV3Q7C,meco_para_3,679.4615384615385,460.3,0.14980065181067712,60447.0,9055.0,46,0.1069767442,430,1
A12HLLXWOQJ14Q,meco_para_3,283.10526315789474,376.01612903225805,0.15036519957954883,37103.0,5579.0,67,0.1519274376,441,1
A12NT768CR36E5,meco_para_11,96.0,189.0625,0.020349761526232114,9435.0,192.0,2,0.0181818182,110,0
A13WTEQ06V3B6D,meco_para_7,187.0,237.46938775510205,0.019241652518392757,19437.0,374.0,3,0.0153846154,195,1
A160BYMX7X0EPG,meco_para_11,310.8333333333333,310.55172413793105,0.061891772338543205,27128.0,1679.0,21,0.0625,336,1
A17Q4QN6UE0EZC,meco_para_3,135.0,254.15686274509804,0.022937333655939994,20665.0,474.0,6,0.0280373832,214,1
A18JFH5XQAUVAK,meco_para_12,75.0,131.0,0.02704652001442481,5546.0,150.0,2,0.0281690141,71,1
A19F9CLZ0XWBYR,meco_para_3,116.0,195.42857142857142,0.024370192025368487,17029.0,415.0,6,0.0320855615,187,1
A19L8SNH73AX1Z,meco_para_11,360.0,328.6666666666667,0.03739439650291047,44151.0,1651.0,13,0.0372492837,349,1
A1B7X75L6JOPGM,meco_para_12,121.66666666666667,90.125,0.13845702552068054,3409.0,472.0,7,0.1489361702,47,1
A1BASVXQK125PD,meco_para_3,88.0,211.20289855072463,0.013914693441910108,25297.0,352.0,5,0.0183150183,273,1
A1CPY1HLCFTIL1,meco_para_11,409.75,1249.5873015873017,0.014295395435730246,109196.0,1561.0,14,0.0149892934,934,1
A1D26DHX9CDRGI,meco_para_11,109.75,112.7,0.06944804353459445,3859.0,268.0,2,0.0392156863,51,1
A1D41E24S4E4I4,meco_para_11,152.0,358.0379746835443,0.026493620550852626,40991.0,1086.0,12,0.0281030445,427,1
A1HR8IRDC07FO9,meco_para_12,1574.0,1139.7450980392157,0.062367502870771134,181136.0,11297.0,110,0.0596529284,1844,0
A1IJ6E21R29K53,meco_para_11,229.23076923076923,186.61111111111111,0.17893996247654784,17056.0,3052.0,39,0.1902439024,205,0
A1ISZTMNHXPB4C,meco_para_12,510.42857142857144,251.4367816091954,0.10606921719362268,33431.0,3546.0,35,0.0918635171,381,1
A1JI19KPIVNL3Y,meco_para_3,218.33333333333334,324.25,0.02098282931829831,31216.0,655.0,9,0.0252808989,356,0
A1JWPEUSQYB6XL,meco_para_11,82.25,194.28571428571428,0.04603330068560235,7147.0,329.0,4,0.0727272727,55,0
A1K76PLMB0YQT5,meco_para_11,0,642.4492753623189,0.0,78720.0,0.0,0,0.0,923,1
A1KGPGSI6I9TQ5,meco_para_11,278.0,149.26829268292684,0.05285171102661597,10520.0,556.0,5,0.0427350427,117,1
A1LTVR9DOB62B1,meco_para_11,0,486.1875,0.0,45496.0,0.0,0,0.0,417,1
A1N93G08WP4XH7,meco_para_12,0,255.0,0.0,19456.0,0.0,0,0.0,154,1
A1OM5NWYYYJKQW,meco_para_7,228.0,334.8813559322034,0.02329954218443427,36696.0,855.0,7,0.0324074074,216,1
A1OZPLHNIU1519,meco_para_12,70.0,133.54545454545453,0.01042364678728315,13431.0,140.0,2,0.0125786164,159,1
A1PHDT66U6IK4Q,meco_para_11,337.75,463.3333333333333,0.032091762922819025,87094.0,2795.0,34,0.0325047801,1046,1
A1QMJNJ5FGC09,meco_para_11,0,534.9479166666666,0.0,84092.0,0.0,0,0.0,645,1
A1T9BJRS4IL8VQ,meco_para_11,0,92.16129032258064,0.0,4694.0,0.0,0,0.0,62,1
A1VGM6OJRPRNCQ,meco_para_3,78.0,145.71428571428572,0.013133524162316888,5939.0,78.0,1,0.0131578947,76,0
A1WH32GYQOHIRQ,meco_para_11,50.0,260.51162790697674,0.0016212185078304854,30841.0,50.0,1,0.0033112583,302,1
A1WRZX4HNRMVG1,meco_para_11,144.25,438.6818181818182,0.012912115953863428,39188.0,506.0,5,0.0161812298,309,1
A1YRYQBQGQRY1Q,meco_para_11,62.0,424.55434782608694,0.006063825889422197,54586.0,331.0,5,0.0110619469,452,1
A1YTB9G04PC71S,meco_para_12,238.66666666666666,247.61971830985917,0.032467238017503286,22053.0,716.0,6,0.027027027,222,1
A20SL254675EOK,meco_para_3,107.57142857142857,113.5,0.08992118461905899,8374.0,753.0,9,0.0927835052,97,1
A23KAJRDVCVGOE,meco_para_12,120.0,229.8227848101266,0.009043635541487679,26538.0,240.0,3,0.009009009,333,1
A24LB89P1BPKKF,meco_para_11,116.0,355.3424657534247,0.003154917319408181,36768.0,116.0,1,0.0027700831,361,1
A25TQ73VVCOM4X,meco_para_11,429.6666666666667,306.8484848484849,0.0413450096115705,32773.0,1355.0,14,0.0433436533,323,1
A28VE2YSRYE3B8,meco_para_12,251.8,271.6842105263158,0.058230424124693585,21621.0,1259.0,13,0.0528455285,246,0
A292T1OXCVXN78,meco_para_3,131.75,166.9512195121951,0.08029252685305097,13127.0,1054.0,11,0.0780141844,141,1
A293JF50QSYCRO,meco_para_12,288.6,294.09090909090907,0.08248921630397907,20633.0,1702.0,17,0.0798122066,213,1
A2APG8MSLJ6G2K,meco_para_7,520.0,386.69767441860466,0.07109826589595376,27680.0,1968.0,20,0.0643086817,311,0
A2G57M3XD1AIBS,meco_para_11,170.0,290.52941176470586,0.010626024652377193,32938.0,350.0,3,0.0096463023,311,0
A2H1QUGX0SOUMH,meco_para_11,397.5,156.6875,0.05027191096496775,15814.0,795.0,10,0.0476190476,210,1
A2HOEI5M6G883O,meco_para_11,781.3333333333334,551.5593220338983,0.040868795806273894,59899.0,2448.0,6,0.0263157895,228,1
A2I6ZALE49CVSC,meco_para_3,236.64285714285714,198.34146341463415,0.20105059441526127,18085.0,3636.0,33,0.1833333333,180,1
A2IFHU3P1MF54K,meco_para_3,547.2941176470588,628.6829268292682,0.10952898758083901,87365.0,9569.0,44,0.0852713178,516,1
A2IQ0QCTQ3KWLT,meco_para_7,300.8333333333333,501.27142857142854,0.040814019219898245,44225.0,1805.0,12,0.06,200,1
A2LLOJFA11FSZF,meco_para_11,87.0,152.61904761904762,0.06074498567335244,5235.0,318.0,4,0.0588235294,68,1
A2N9U74YIPDQ9F,meco_para_12,136.25,189.85454545454544,0.036396420462134364,14974.0,545.0,4,0.0305343511,131,1
A2OU4N4VBIE91I,meco_para_12,255.25,289.72151898734177,0.04077160596301338,30119.0,1228.0,8,0.0330578512,242,1
A2OVX9UW5WANQE,meco_para_3,191.66666666666666,243.58928571428572,0.019385725363271634,29661.0,575.0,7,0.0189701897,369,0
A2PSR3CMNR1R9X,meco_para_11,458.25,330.375,0.10063411018693898,36429.0,3666.0,16,0.062745098,255,1
A2QABS5PO2AYES,meco_para_11,382.85714285714283,279.8529411764706,0.1259442184776293,20652.0,2601.0,19,0.1233766234,154,0
A2RBF3IIJP15IH,meco_para_11,135.4,179.6451612903226,0.02702449533979673,21351.0,577.0,7,0.0300429185,233,1
A2RC9V49MHS973,meco_para_11,0,305.9795918367347,0.0,27640.0,0.0,0,0.0,268,0
A2UKBPPWF76NCT,meco_para_11,0,283.7457627118644,0.0,26354.0,0.0,0,0.0,331,1
A2V27A9GZA1NR2,meco_para_11,210.8,266.27777777777777,0.03455058021372845,30506.0,1054.0,11,0.0404411765,272,1
A2VLTSW6CXIUMR,meco_para_11,419.14285714285717,646.2718446601941,0.022888474784627844,102497.0,2346.0,22,0.0259128386,849,1
A2WBGRTWOXDE6M,meco_para_7,385.2,379.9270833333333,0.047114553030898655,50876.0,2397.0,9,0.0334572491,269,1
A2XENTYL1D1UOL,meco_para_3,95.0,487.1707317073171,0.008456062655114506,67289.0,569.0,5,0.0065963061,758,1
A2Y87M8V0N1M6P,meco_para_7,220.5,406.85897435897436,0.008802395209580838,50100.0,441.0,4,0.0127388535,314,1
A2YP60DM1HYTH8,meco_para_11,136.0,389.07246376811594,0.005389874170216982,50465.0,272.0,3,0.0078740157,381,1
A2YTY52FZNII62,meco_para_11,214.0,251.71641791044777,0.0315103610339671,28086.0,885.0,11,0.0296495957,371,1
A2Z5A7TCIR8M6E,meco_para_7,177.5,298.5507246376812,0.07686222808174027,30340.0,2332.0,27,0.0876623377,308,1
A2Z6GCD1ZNCT6Z,meco_para_11,107.4,219.28985507246378,0.023082874828060523,23264.0,537.0,6,0.0248962656,241,0
A2ZDEERVRN5AMC,meco_para_7,344.0,318.03333333333336,0.009511959076455136,36165.0,344.0,2,0.0072992701,274,0
A2ZSL0EDN3H4AT,meco_para_11,234.66666666666666,361.5326086956522,0.00704154308657668,49563.0,349.0,3,0.0068649886,437,1
A3084P5PROPWOI,meco_para_12,130.0,307.2307692307692,0.007599006283793658,34215.0,260.0,3,0.0069124424,434,1
A35J0Z5315SEBK,meco_para_12,314.75,353.5,0.03207398160650141,39253.0,1259.0,12,0.0294117647,408,1
A35P3396DDWKTT,meco_para_7,250.45833333333334,201.41666666666666,0.2364756488772237,27432.0,6487.0,72,0.2285714286,315,1
A361512FNHY889,meco_para_11,174.58333333333334,221.04054054054055,0.08249767008387698,26825.0,2213.0,23,0.074433657,309,0
A36IB78C6MVA3,meco_para_11,187.77777777777777,271.4871794871795,0.09752932627426554,38532.0,3758.0,45,0.0965665236,466,0
A37E5WQJFDG6QG,meco_para_11,107.4,192.93939393939394,0.034636871508379886,10740.0,372.0,4,0.0330578512,121,1
A38DHLB88V8DL8,meco_para_3,320.75,321.4769230769231,0.044994590466492713,31426.0,1414.0,15,0.0406504065,369,1
A39SK1E6IMQBD5,meco_para_12,85.0,489.64,0.0016106416038200629,52774.0,85.0,1,0.0021929825,456,1
A3A1KP2SJRGNRZ,meco_para_11,82.5,84.21739130434783,0.10724731881702958,3077.0,330.0,4,0.0952380952,42,0
A3B2YRSMSC2J3T,meco_para_11,65.2,90.57894736842105,0.1425448185395715,2287.0,326.0,5,0.1388888889,36,0
A3DTG2QEFWI2II,meco_para_11,113.28571428571429,155.29166666666666,0.1404782993799823,5645.0,793.0,11,0.1666666667,66,0
A3EQVDHHKZRC0K,meco_para_3,217.15,396.5,0.07480134084296143,58769.0,4396.0,68,0.0757238307,898,1
A3EU8ENRH654SB,meco_para_11,67.5,279.126582278481,0.00566145692173337,33207.0,188.0,3,0.0099337748,302,1
A3FL5SZK2XRTFB,meco_para_3,163.0,376.8453608247423,0.04413732865615711,70983.0,3133.0,37,0.0435294118,850,1
A3FPXYVABXB9IZ,meco_para_7,284.09090909090907,182.59322033898306,0.1601742696053306,19510.0,3125.0,29,0.1518324607,191,1
A3HNEYFOIJWPH1,meco_para_12,0,221.5686274509804,0.0,15238.0,0.0,0,0.0,141,1
A3K0U7YO7V7KZF,meco_para_11,134.9090909090909,186.88095238095238,0.14529049666919638,11859.0,1723.0,22,0.1466666667,150,1
A3L95FSCN74FIF,meco_para_3,4416.75,2073.073684210526,0.054413702966365746,362666.0,19734.0,218,0.0593035909,3676,0
A3MHP4LZ3V88NF,meco_para_11,84.66666666666667,85.86666666666666,0.1111597374179431,2285.0,254.0,4,0.1111111111,36,0
A3NXT3OVGL7QNR,meco_para_11,87.33333333333333,627.3283582089553,0.0072334727571402935,72441.0,524.0,7,0.0169491525,413,1
A3NXW2JI4DU0C0,meco_para_11,166.0,536.0493827160494,0.036654022157996145,66432.0,2435.0,27,0.0419906687,643,0
A3RDJ3UZ9EJP6Y,meco_para_11,695.875,461.84507042253523,0.11929371231696813,53406.0,6371.0,58,0.1155378486,502,0
A3RI9RLBGPG2B6,meco_para_11,95.8,125.68333333333334,0.04140375140461578,11569.0,479.0,7,0.0419161677,167,1
A3RMV9ZGFJ0HHF,meco_para_12,271.5,366.38461538461536,0.05932967303122183,36609.0,2172.0,18,0.0633802817,284,1
A3RVHUY67SVXQV,meco_para_7,0,294.77272727272725,0.002853426209558978,23831.0,68.0,1,0.0059171598,169,1
A3VHDQR8A9JJ4F,meco_para_11,0,657.5636363636364,0.0,44208.0,0.0,0,0.0,363,1
A489K1IFOM4JW,meco_para_12,209.57142857142858,463.65,0.01965402907596057,66653.0,1310.0,15,0.0220913108,679,1
A4CHLWPHZIP7Y,meco_para_12,50.0,189.2394366197183,0.004722996268832947,21173.0,100.0,2,0.0076335878,262,1
A4W9APAHFWVLO,meco_para_3,146.35714285714286,240.38805970149255,0.07762816641205102,28147.0,2185.0,23,0.0877862595,262,1
A4W9APAHFWVLO,meco_para_12,443.25,366.875,0.0566598491627253,31292.0,1773.0,6,0.03125,192,1
A7GT7BIC7ERWE,meco_para_7,207.0,172.77777777777777,0.017985924059431748,23018.0,414.0,3,0.0125,240,1
A7SW6SVNJ5V6O,meco_para_3,171.75,238.3095238095238,0.036222924394376514,21837.0,791.0,8,0.0379146919,211,1
A8C3WNWRBWUXO,meco_para_3,655.3846153846154,365.74074074074076,0.20851875397329941,40898.0,8528.0,92,0.1928721174,477,1
A9KXY0C9JHSZL,meco_para_12,190.5,111.52631578947368,0.10058078141499471,3788.0,381.0,4,0.0930232558,43,1
ACTQSBR4YRLZZ,meco_para_3,212.3913043478261,265.9010989010989,0.11346204079694142,42111.0,4778.0,57,0.1233766234,462,1
AI8E3ZLZ3FO6O,meco_para_11,167.28571428571428,117.88888888888889,0.3295819935691318,3732.0,1230.0,12,0.2790697674,43,0
AIA7RZSAONU5M,meco_para_7,298.2142857142857,279.78823529411767,0.11601931444338322,37692.0,4373.0,38,0.1214057508,313,1
AKAM01E1R4KAF,meco_para_3,151.42857142857142,200.53333333333333,0.033685013346892084,31468.0,1060.0,14,0.0344827586,406,1
AKNBC1TE88NDO,meco_para_12,231.4,223.04347826086956,0.03702519276551896,28143.0,1042.0,10,0.0305810398,327,1
AMPR904VJJFZY,meco_para_3,246.0,170.76923076923077,0.055502284392802755,17729.0,984.0,4,0.0229885057,174,0
ANCTZADQC3D75,meco_para_11,375.375,1068.8021978021977,0.019010396411811983,154284.0,2933.0,27,0.0191761364,1408,1
ANX6Q4NMZL8EI,meco_para_3,254.53846153846155,322.5833333333333,0.08437763268744734,37984.0,3205.0,29,0.0781671159,371,1
AQMLJYUQCSG22,meco_para_11,325.14285714285717,287.625,0.07591907765934305,32179.0,2443.0,20,0.0757575758,264,1
ARUXG5FD1Q76F,meco_para_11,253.8,441.9125,0.027588909571862448,51035.0,1408.0,14,0.0313199105,447,1
AT6LDQNLKTUSE,meco_para_12,297.0,263.2173913043478,0.07032914989344068,16892.0,1188.0,11,0.0607734807,181,0
ATA9BBCLTE2HS,meco_para_11,843.0,180.9,0.2808127914723518,3002.0,843.0,3,0.1153846154,26,0
AUA3VQ48GSMLF,meco_para_12,100.0,98.9375,0.04151100041511,2409.0,100.0,1,0.03125,32,1
AX8NXTT8QMGHC,meco_para_11,123.66666666666667,448.8607594936709,0.011711403658745085,46792.0,548.0,5,0.0139275766,359,1
AXY0D2AMLKE2A,meco_para_11,244.28571428571428,181.95,0.08058413148870758,16914.0,1363.0,13,0.0656565657,198,1
AYQTQYOLTNY0Y,meco_para_11,129.5,95.8125,0.21005677210056772,2466.0,518.0,4,0.1333333333,30,0
AYY0UC6KCN9RW,meco_para_3,129.8125,338.58620689655174,0.06701461377870564,33530.0,2247.0,34,0.0705394191,482,0
AYYSG3O9FNU15,meco_para_11,143.5,228.51020408163265,0.016357004445457655,17546.0,287.0,2,0.0165289256,121,0
AZU9D7YLCTAYV,meco_para_3,596.4090909090909,512.2631578947369,0.2060627355778445,62612.0,12902.0,76,0.1771561772,429,1
p1-lab-control,meco_para_3,202.0,204.4848484848485,0.18769787426503845,13266.0,2490.0,22,0.1833333333,120,1
A10BH9PYCYUKDJ,a_ScottishParliament_2,0,568.4444444444445,0.0,38062.0,0.0,0,0.0,229,1
A10W3EILX06DFO,a_Steamengine_0,96.0,95.72727272727273,0.035346097201767304,2716.0,96.0,1,0.0243902439,41,0
A11EZAV2HRYKD5,a_MartinLuther_4,84.0,71.0,0.020197162779514305,4159.0,84.0,1,0.012195122,82,1
A11YS0T8MV3Q7C,a_ScottishParliament_2,0,383.3414634146341,0.0,22272.0,0.0,0,0.0,182,0
A12HLLXWOQJ14Q,a_HarvardUniversity_2,0,295.07142857142856,0.0,16645.0,0.0,0,0.0,203,1
A12NT768CR36E5,a_SouthernCalifornia_2,180.0,228.51351351351352,0.03178246667255231,11327.0,360.0,5,0.0390625,128,1
A13WTEQ06V3B6D,a_Force_3,218.0,190.59259259259258,0.03656184486373166,11925.0,436.0,4,0.0327868852,122,0
A160BYMX7X0EPG,a_SkyUnitedKingdom_4,191.0,294.4782608695652,0.034834324553950725,12947.0,451.0,7,0.0424242424,165,1
A17Q4QN6UE0EZC,a_Warsaw_2,68.0,139.57692307692307,0.01145359609230251,5937.0,68.0,1,0.0163934426,61,0
A18JFH5XQAUVAK,a_DoctorWho_4,0,204.8181818181818,0.0,7768.0,0.0,0,0.0,111,1
A19F9CLZ0XWBYR,a_Economicinequality_2,396.25,215.65,0.42136348295646303,11852.0,4994.0,49,0.4117647059,119,0
A19L8SNH73AX1Z,a_Rhine_2,412.5,327.6666666666667,0.033165829145728645,24875.0,825.0,7,0.033492823,209,0
A1B7X75L6JOPGM,a_MartinLuther_4,0,72.0,0.0,650.0,0.0,0,0.0,12,1
A1BASVXQK125PD,a_HarvardUniversity_2,0,407.2307692307692,0.0,21025.0,0.0,0,0.0,209,0
A1CPY1HLCFTIL1,a_SkyUnitedKingdom_4,0,762.4242424242424,0.0,70106.0,0.0,0,0.0,625,0
A1D26DHX9CDRGI,a_Huguenot_0,0,187.06666666666666,0.0,3212.0,0.0,0,0.0,33,0
A1D41E24S4E4I4,a_Steamengine_0,700.0,353.1578947368421,0.025348542458808618,27615.0,700.0,5,0.0164473684,304,1
A1HR8IRDC07FO9,a_Chloroplast_1,0,418.4166666666667,0.0,30041.0,0.0,0,0.0,317,1
A1IJ6E21R29K53,a_SuperBowl50_3,304.5,434.9,0.05023094688221709,12124.0,609.0,8,0.0540540541,148,0
A1ISZTMNHXPB4C,a_MartinLuther_4,171.0,83.33333333333333,0.03761467889908257,6540.0,246.0,3,0.0394736842,76,1
A1JI19KPIVNL3Y,a_Economicinequality_2,665.9444444444445,303.0416666666667,0.5129295483277784,26103.0,13389.0,137,0.4910394265,279,1
A1JWPEUSQYB6XL,a_SuperBowl50_3,0,148.33333333333334,0.0,4856.0,0.0,0,0.0,50,1
A1K76PLMB0YQT5,a_1973oilcrisis_1,59.0,543.8958333333334,0.0016315018112435362,36163.0,59.0,1,0.0020325203,492,1
A1KGPGSI6I9TQ5,a_Huguenot_0,0,184.02857142857144,0.0,8110.0,0.0,0,0.0,96,0
A1LTVR9DOB62B1,a_1973oilcrisis_1,530.3,274.90909090909093,0.350923747058529,19973.0,7009.0,63,0.3298429319,191,0
A1N93G08WP4XH7,a_Chloroplast_1,300.0,340.6842105263158,0.011818002757533978,25385.0,300.0,3,0.0175438596,171,1
A1OM5NWYYYJKQW,a_Force_3,0,294.94117647058823,0.0,16163.0,0.0,0,0.0,93,1
A1OZPLHNIU1519,a_JacksonvilleFlorida_0,239.0,201.17857142857142,0.012738514017695341,18762.0,239.0,2,0.0097560976,205,1
A1PHDT66U6IK4Q,a_Huguenot_0,538.0,375.42028985507244,0.028256916801808443,40698.0,1150.0,14,0.0274509804,510,1
A1QMJNJ5FGC09,a_1973oilcrisis_1,104.33333333333333,154.95652173913044,0.042771248975129815,7318.0,313.0,5,0.0666666667,75,0
A1T9BJRS4IL8VQ,a_Rhine_2,101.0,108.54166666666667,0.03055051421657592,3306.0,101.0,1,0.0222222222,45,1
A1VGM6OJRPRNCQ,a_HarvardUniversity_2,0,194.69230769230768,0.0,6933.0,0.0,0,0.0,82,0
A1WH32GYQOHIRQ,a_1973oilcrisis_1,162.5,352.7692307692308,0.02712345964518154,30269.0,821.0,9,0.0296052632,304,0
A1WRZX4HNRMVG1,a_Huguenot_0,0,256.44897959183675,0.0,17664.0,0.0,0,0.0,156,0
A1YRYQBQGQRY1Q,a_Teacher_3,200.5,222.92592592592592,0.03226325529004747,12429.0,401.0,3,0.0243902439,123,0
A1YTB9G04PC71S,a_JacksonvilleFlorida_0,0,225.95652173913044,0.00641440974471945,15434.0,99.0,1,0.0060240964,166,0
A20SL254675EOK,a_HarvardUniversity_2,0,134.97058823529412,0.0,5876.0,0.0,0,0.0,68,0
A23KAJRDVCVGOE,a_Computationalcomplexitytheory_2,156.5625,177.06666666666666,0.45905267817618417,6777.0,3111.0,37,0.4457831325,83,0
A24LB89P1BPKKF,a_1973oilcrisis_1,0,479.5128205128205,0.0,26391.0,0.0,0,0.0,239,0
A25TQ73VVCOM4X,a_1973oilcrisis_1,0,291.9736842105263,0.0,17785.0,0.0,0,0.0,205,0
A28VE2YSRYE3B8,a_Chloroplast_1,0,71.5,0.0,143.0,0.0,0,0.0,3,1
A292T1OXCVXN78,a_Computationalcomplexitytheory_1,0,140.55172413793105,0.0,7145.0,0.0,0,0.0,79,0
A293JF50QSYCRO,a_DoctorWho_4,0,397.7894736842105,0.0,20483.0,0.0,0,0.0,208,1
A2APG8MSLJ6G2K,a_Force_3,239.0,360.93333333333334,0.01338560627275273,17855.0,239.0,3,0.0147058824,204,1
A2G57M3XD1AIBS,a_SouthernCalifornia_2,341.5,391.9142857142857,0.03626612860404609,18833.0,683.0,5,0.0282485876,177,0
A2H1QUGX0SOUMH,a_Rhine_2,0,179.91304347826087,0.0,7722.0,0.0,0,0.0,123,1
A2HOEI5M6G883O,a_Teacher_3,514.0,249.47058823529412,0.06203234371228578,8286.0,514.0,1,0.0192307692,52,1
A2I6ZALE49CVSC,a_HarvardUniversity_2,313.0,204.94594594594594,0.02410288002464192,12986.0,313.0,3,0.0223880597,134,0
A2IFHU3P1MF54K,a_ScottishParliament_2,0,334.05263157894734,0.0,22125.0,0.0,0,0.0,125,0
A2IQ0QCTQ3KWLT,a_Imperialism_0,1089.0,378.3777777777778,0.0,23371.0,0.0,0,0.0,118,0
A2LLOJFA11FSZF,a_SkyUnitedKingdom_4,251.0,152.77777777777777,0.07196100917431193,3488.0,251.0,2,0.0454545455,44,1
A2N9U74YIPDQ9F,a_Computationalcomplexitytheory_2,126.375,180.0,0.13506684914201494,9499.0,1283.0,13,0.1226415094,106,0
A2OU4N4VBIE91I,a_Chloroplast_1,0,605.969696969697,0.0,34912.0,0.0,0,0.0,288,1
A2OVX9UW5WANQE,a_Warsaw_2,332.0,257.9433962264151,0.020394381415451107,22212.0,453.0,6,0.020979021,286,0
A2PSR3CMNR1R9X,a_Rhine_2,205.0,520.2432432432432,0.007642979643576169,26822.0,205.0,2,0.0124223602,161,0
A2QABS5PO2AYES,a_Huguenot_0,0,863.7647058823529,0.0,18571.0,0.0,0,0.0,125,1
A2RBF3IIJP15IH,a_SkyUnitedKingdom_4,0,172.22727272727272,0.0,10187.0,0.0,0,0.0,109,1
A2RC9V49MHS973,a_Steamengine_0,62.0,260.10526315789474,0.003979971755039158,15578.0,62.0,1,0.0059171598,169,0
A2UKBPPWF76NCT,a_SkyUnitedKingdom_4,249.0,401.2903225806452,0.009680805567435169,25721.0,249.0,3,0.0089285714,336,1
A2V27A9GZA1NR2,a_Rhine_2,446.0,324.65,0.05206595347924232,20378.0,1061.0,8,0.0484848485,165,0
A2VLTSW6CXIUMR,a_SkyUnitedKingdom_4,65.0,507.27906976744185,0.0012882000872012367,50458.0,65.0,1,0.0023752969,421,0
A2WBGRTWOXDE6M,a_Imperialism_0,1343.0,537.8253968253969,0.017790485267254387,50364.0,896.0,4,0.012987013,308,0
A2XENTYL1D1UOL,a_ScottishParliament_2,53.0,291.2972972972973,0.0032366200439255576,34604.0,112.0,2,0.0043668122,458,1
A2Y87M8V0N1M6P,a_Force_3,63.0,371.5882352941176,0.0027236176559595347,23131.0,63.0,1,0.0064102564,156,0
A2YP60DM1HYTH8,a_1973oilcrisis_1,0,611.5,0.0,33289.0,0.0,0,0.0,213,1
A2YTY52FZNII62,a_Rhine_2,0,201.70833333333334,0.0,13648.0,0.0,0,0.0,179,0
A2Z5A7TCIR8M6E,a_Imperialism_0,747.0,260.2,0.04503526858383071,14744.0,664.0,8,0.0559440559,143,0
A2Z6GCD1ZNCT6Z,a_SouthernCalifornia_2,320.0,249.93023255813952,0.04584681769147789,22248.0,1020.0,11,0.0458333333,240,0
A2ZDEERVRN5AMC,a_Force_3,155.0,279.02941176470586,0.01451718647560176,21354.0,310.0,2,0.0122699387,163,0
A2ZSL0EDN3H4AT,a_Rhine_2,200.5,319.6825396825397,0.013473104189765817,29763.0,401.0,3,0.0111940299,268,0
A3084P5PROPWOI,a_JacksonvilleFlorida_0,0,220.44117647058823,0.0,10911.0,0.0,0,0.0,153,1
A35J0Z5315SEBK,a_JacksonvilleFlorida_0,0,256.51612903225805,0.0,22361.0,0.0,0,0.0,238,0
A35P3396DDWKTT,a_Imperialism_0,68.0,170.21875,0.0065923412506059135,10315.0,68.0,1,0.0080645161,124,0
A361512FNHY889,a_Steamengine_0,69.0,156.88,0.0051084622788183905,13507.0,69.0,1,0.0060240964,166,0
A36IB78C6MVA3,a_SouthernCalifornia_2,150.0,249.75,0.004693977078761278,16404.0,77.0,1,0.0044247788,226,0
A37E5WQJFDG6QG,a_Huguenot_0,0,126.48387096774194,0.0,5697.0,0.0,0,0.0,71,1
A38DHLB88V8DL8,a_Warsaw_2,97.0,375.46666666666664,0.006631583450990459,23373.0,155.0,2,0.0068027211,294,0
A39SK1E6IMQBD5,a_Computationalcomplexitytheory_2,437.05263157894734,274.14814814814815,0.45190917991514756,21449.0,9693.0,83,0.4129353234,201,0
A3A1KP2SJRGNRZ,a_SouthernCalifornia_2,718.0,361.2391304347826,0.07492188067727636,27522.0,2062.0,27,0.0745856354,362,0
A3B2YRSMSC2J3T,a_SuperBowl50_3,0,98.0,0.0,2105.0,0.0,0,0.0,21,1
A3DTG2QEFWI2II,a_SuperBowl50_3,442.0,484.3636363636364,0.06607760276603919,15618.0,1032.0,11,0.0578947368,190,1
A3EQVDHHKZRC0K,a_Computationalcomplexitytheory_1,607.0,317.4,0.022453207072575275,27034.0,607.0,6,0.0147058824,408,1
A3EU8ENRH654SB,a_Steamengine_0,62.0,233.34285714285716,0.002660030890681311,23308.0,62.0,1,0.0044444444,225,0
A3FL5SZK2XRTFB,a_HarvardUniversity_2,63.0,292.07547169811323,0.006005186297256722,21981.0,132.0,2,0.0070921986,282,1
A3FPXYVABXB9IZ,a_Imperialism_0,408.0,275.48,0.016662546353522868,20225.0,337.0,4,0.0174672489,229,1
A3HNEYFOIJWPH1,a_JacksonvilleFlorida_0,0,237.6,0.0,11549.0,0.0,0,0.0,118,0
A3K0U7YO7V7KZF,a_Steamengine_0,164.0,137.88235294117646,0.02623580227163654,6251.0,164.0,1,0.014084507,71,0
A3L95FSCN74FIF,a_Economicinequality_2,569.3809523809524,357.0,0.5520179020100503,25472.0,14061.0,135,0.5443548387,248,1
A3MHP4LZ3V88NF,a_SuperBowl50_3,0,225.4,0.0,2239.0,0.0,0,0.0,29,0
A3NXT3OVGL7QNR,a_Teacher_3,53.0,141.38095238095238,0.00510204081632653,10388.0,53.0,1,0.0086956522,115,1
A3NXW2JI4DU0C0,a_SouthernCalifornia_2,368.6666666666667,307.3272727272727,0.040114832535885166,26125.0,1048.0,13,0.0439189189,296,0
A3RDJ3UZ9EJP6Y,a_SouthernCalifornia_2,124.0,292.6551724137931,0.009112286890064668,13608.0,124.0,1,0.0071428571,140,0
A3RI9RLBGPG2B6,a_Huguenot_0,0,132.24324324324326,0.0,5794.0,0.0,0,0.0,78,0
A3RMV9ZGFJ0HHF,a_JacksonvilleFlorida_0,1598.0,407.9433962264151,0.039805704321833356,40145.0,1598.0,8,0.025477707,314,0
A3RVHUY67SVXQV,a_Force_3,273.5,179.26666666666668,0.052942315137437086,10332.0,547.0,5,0.0561797753,89,0
A3VHDQR8A9JJ4F,a_1973oilcrisis_1,116.75,379.54285714285714,0.0219341505800573,21291.0,467.0,5,0.0251256281,199,0
A489K1IFOM4JW,a_DoctorWho_4,232.0,292.4166666666667,0.02108132666969559,11005.0,232.0,3,0.0288461538,104,1
A4CHLWPHZIP7Y,a_Computationalcomplexitytheory_2,131.47368421052633,143.1153846153846,0.2856145251396648,10024.0,2863.0,41,0.3059701493,134,0
A4W9APAHFWVLO,a_ScottishParliament_2,0,276.54347826086956,0.0,17203.0,0.0,0,0.0,158,1
A4W9APAHFWVLO,a_DoctorWho_4,574.5,320.1818181818182,0.03963025557893285,28993.0,1149.0,7,0.0348258706,201,0
A7GT7BIC7ERWE,a_Force_3,0,191.2,0.0,11121.0,0.0,0,0.0,112,0
A7SW6SVNJ5V6O,a_ScottishParliament_2,706.0,236.45833333333334,0.06768286837311858,10431.0,706.0,4,0.0338983051,118,1
A8C3WNWRBWUXO,a_Computationalcomplexitytheory_1,421.0,434.9428571428571,0.015586819696408738,27010.0,421.0,6,0.0189274448,317,1
A9KXY0C9JHSZL,a_MartinLuther_4,0,0,0.0,1934.0,0.0,0,0.0,23,1
ACTQSBR4YRLZZ,a_Computationalcomplexitytheory_1,0,209.35,0.0,11824.0,0.0,0,0.0,133,0
AI8E3ZLZ3FO6O,a_SuperBowl50_3,210.5,150.33333333333334,0.028417898108918052,9677.0,275.0,4,0.0294117647,136,1
AIA7RZSAONU5M,a_Imperialism_0,349.0,392.84615384615387,0.015349430443770067,22737.0,349.0,3,0.0168539326,178,0
AKAM01E1R4KAF,a_HarvardUniversity_2,0,149.16666666666666,0.0,7137.0,0.0,0,0.0,89,1
AKNBC1TE88NDO,a_DoctorWho_4,0,214.10344827586206,0.0,24853.0,0.0,0,0.0,259,0
AMPR904VJJFZY,a_Computationalcomplexitytheory_1,407.0,229.3125,0.030819324549447222,13206.0,407.0,3,0.0254237288,118,1
ANCTZADQC3D75,a_SkyUnitedKingdom_4,1399.5,1346.342105263158,0.023627231671801797,118465.0,2799.0,14,0.0143737166,974,1
ANX6Q4NMZL8EI,a_Computationalcomplexitytheory_1,145.0,158.32142857142858,0.011775215202208868,12314.0,145.0,2,0.0136054422,147,0
AQMLJYUQCSG22,a_SouthernCalifornia_2,158.66666666666666,218.86111111111111,0.028541001064962726,14085.0,402.0,5,0.0354609929,141,0
ARUXG5FD1Q76F,a_Teacher_3,321.0,311.7894736842105,0.05219512195121951,12300.0,642.0,6,0.0555555556,108,1
AT6LDQNLKTUSE,a_Computationalcomplexitytheory_2,186.625,229.08695652173913,0.18692824864984017,9073.0,1696.0,21,0.1926605505,109,0
ATA9BBCLTE2HS,a_SuperBowl50_3,0,230.66666666666666,0.0,3416.0,0.0,0,0.0,42,1
AUA3VQ48GSMLF,a_MartinLuther_4,0,0,0.0,131.0,0.0,0,0.0,2,1
AX8NXTT8QMGHC,a_Teacher_3,470.0,280.27272727272725,0.09719071715232944,11462.0,1114.0,6,0.0638297872,94,0
AXY0D2AMLKE2A,a_Huguenot_0,0,325.5238095238095,0.0,9607.0,0.0,0,0.0,107,1
AYQTQYOLTNY0Y,a_SuperBowl50_3,0,103.4,0.0,1469.0,0.0,1,0.0476190476,21,1
AYY0UC6KCN9RW,a_Computationalcomplexitytheory_1,54.0,281.2894736842105,0.003339517625231911,16170.0,54.0,1,0.0041841004,239,1
AYYSG3O9FNU15,a_Teacher_3,0,178.22222222222223,0.0,3261.0,0.0,0,0.0,22,0
AZU9D7YLCTAYV,a_Computationalcomplexitytheory_1,886.0,592.6666666666666,0.019858980114611666,37867.0,752.0,8,0.0273972603,292,0
p1-lab-control,a_Computationalcomplexitytheory_1,0,304.95454545454544,0.0,12180.0,0.0,0,0.0,98,1
A10BH9PYCYUKDJ,a_Rhine_3,0,571.3333333333334,0.0,49146.0,0.0,0,0.0,314,1
A10W3EILX06DFO,a_Oxygen_1,58.0,96.73333333333333,0.013564078578110383,4276.0,58.0,1,0.0147058824,68,1
A11EZAV2HRYKD5,a_GenghisKhan_0,0,338.0,0.0,32714.0,0.0,0,0.0,482,1
A11YS0T8MV3Q7C,a_Rhine_3,335.0,521.0862068965517,0.006981968307935159,49413.0,345.0,2,0.0047961631,417,1
A12HLLXWOQJ14Q,a_Construction_2,324.2307692307692,207.0,0.26565886146202233,18919.0,5026.0,59,0.2565217391,230,1
A12NT768CR36E5,a_HarvardUniversity_3,0,309.0833333333333,0.004108463434675432,17038.0,70.0,1,0.0052356021,191,1
A13WTEQ06V3B6D,a_Geology_4,332.125,190.19354838709677,0.42979758243330235,13981.0,6009.0,54,0.3829787234,141,1
A160BYMX7X0EPG,a_Apolloprogram_4,601.3333333333334,321.24444444444447,0.060223143950355294,31101.0,1873.0,24,0.0560747664,428,1
A17Q4QN6UE0EZC,a_SkyUnitedKingdom_1,0,131.2941176470588,0.0,7890.0,0.0,0,0.0,86,1
A18JFH5XQAUVAK,a_VictoriaAustralia_2,151.0,120.0,0.044687777448949396,3379.0,151.0,2,0.04,50,0
A19F9CLZ0XWBYR,a_Privateschool_2,320.0,203.75,0.06380857427716849,10030.0,640.0,4,0.0380952381,105,1
A19L8SNH73AX1Z,a_HarvardUniversity_0,482.5,173.46875,0.06952449567723343,13880.0,965.0,7,0.053030303,132,0
A1B7X75L6JOPGM,a_GenghisKhan_0,0,114.79310344827586,0.0,4819.0,0.0,0,0.0,66,1
A1BASVXQK125PD,a_Construction_2,254.38888888888889,189.0,0.4374010828821324,12005.0,5251.0,61,0.391025641,156,0
A1CPY1HLCFTIL1,a_Apolloprogram_4,119.5,729.1714285714286,0.006818570451436389,46784.0,319.0,4,0.0088888889,450,1
A1D26DHX9CDRGI,a_Rhine_1,115.66666666666667,155.55555555555554,0.05933652530779754,5848.0,347.0,4,0.0588235294,68,1
A1D41E24S4E4I4,a_Oxygen_1,0,346.52702702702703,0.0,33587.0,0.0,0,0.0,362,1
A1HR8IRDC07FO9,a_FrenchandIndianWar_0,433.06666666666666,295.8965517241379,0.3923518556489645,19508.0,7654.0,87,0.3866666667,225,1
A1IJ6E21R29K53,a_FrenchandIndianWar_0,0,292.3225806451613,0.0,16540.0,0.0,0,0.0,184,1
A1ISZTMNHXPB4C,a_GenghisKhan_0,0,207.13333333333333,0.0,18218.0,0.0,0,0.0,207,1
A1JI19KPIVNL3Y,a_Privateschool_2,560.5,188.95454545454547,0.07092243451853726,15806.0,1121.0,11,0.0582010582,189,0
A1JWPEUSQYB6XL,a_FrenchandIndianWar_0,165.33333333333334,156.60714285714286,0.05218855218855219,9504.0,496.0,4,0.036036036,111,1
A1K76PLMB0YQT5,a_Kenya_1,1077.75,307.9259259259259,0.1480886306746191,32359.0,4792.0,71,0.1504237288,472,1
A1KGPGSI6I9TQ5,a_Rhine_1,123.0,127.16666666666667,0.08384458077709611,2934.0,246.0,3,0.0789473684,38,1
A1LTVR9DOB62B1,a_Kenya_1,245.25,188.35714285714286,0.074329121113162,14086.0,1047.0,12,0.0745341615,161,0
A1N93G08WP4XH7,a_FrenchandIndianWar_0,316.94736842105266,228.72972972972974,0.32991382847763645,19496.0,6432.0,45,0.2777777778,162,0
A1OM5NWYYYJKQW,a_Geology_4,207.625,190.96153846153845,0.2716670311247175,13719.0,3727.0,28,0.2692307692,104,1
A1OZPLHNIU1519,a_AmericanBroadcastingCompany_3,237.0,171.76923076923077,0.019577069221873453,12106.0,237.0,2,0.0153846154,130,1
A1PHDT66U6IK4Q,a_Rhine_1,300.8,337.05970149253733,0.043998478775999765,34183.0,1504.0,19,0.0444964871,427,0
A1QMJNJ5FGC09,a_Kenya_1,600.0,372.625,0.07062114638045215,35032.0,2474.0,15,0.0551470588,272,1
A1T9BJRS4IL8VQ,a_HarvardUniversity_0,102.0,103.77777777777777,0.03450608930987822,2956.0,102.0,1,0.0256410256,39,1
A1VGM6OJRPRNCQ,a_Construction_2,286.6,182.2,0.4002628120893561,7610.0,3046.0,30,0.3409090909,88,1
A1WH32GYQOHIRQ,a_Kenya_1,351.5,399.2916666666667,0.0398763436285771,35259.0,1406.0,24,0.0634920635,378,1
A1WRZX4HNRMVG1,a_Rhine_1,218.75,268.10526315789474,0.03493292877674864,25048.0,875.0,6,0.0266666667,225,0
A1YRYQBQGQRY1Q,a_Privateschool_2,317.0,324.47222222222223,0.008520589183958715,37204.0,317.0,4,0.0118694362,337,1
A1YTB9G04PC71S,a_AmericanBroadcastingCompany_3,70.0,218.6304347826087,0.005245803357314149,13344.0,70.0,1,0.0072992701,137,1
A20SL254675EOK,a_Construction_2,98.125,135.0,0.25155187703221993,3383.0,851.0,12,0.2857142857,42,1
A23KAJRDVCVGOE,a_HarvardUniversity_1,104.0,220.20454545454547,0.007652122728276065,13591.0,104.0,1,0.0061728395,162,1
A24LB89P1BPKKF,a_Kenya_1,375.0,260.4074074074074,0.06369805929277295,25197.0,1605.0,14,0.0571428571,245,0
A25TQ73VVCOM4X,a_Kenya_1,393.25,305.72727272727275,0.04440322932576915,36664.0,1628.0,14,0.0308370044,454,1
A28VE2YSRYE3B8,a_FrenchandIndianWar_0,116.0909090909091,127.22222222222223,0.2409133900824213,7401.0,1783.0,23,0.2446808511,94,1
A292T1OXCVXN78,a_Computationalcomplexitytheory_4,314.5625,139.52631578947367,0.40052208268660927,14174.0,5677.0,56,0.35,160,0
A293JF50QSYCRO,a_VictoriaAustralia_2,412.0,255.25641025641025,0.031026432713306726,13279.0,412.0,4,0.0245398773,163,1
A2APG8MSLJ6G2K,a_Geology_4,339.6,196.53333333333333,0.40719655096175106,18092.0,7367.0,82,0.3849765258,213,1
A2G57M3XD1AIBS,a_HarvardUniversity_3,204.0,250.06896551724137,0.010250741168785488,19901.0,204.0,3,0.0147783251,203,1
A2H1QUGX0SOUMH,a_HarvardUniversity_0,0,149.1904761904762,0.0,8476.0,0.0,0,0.0,117,1
A2HOEI5M6G883O,a_Privateschool_2,533.0,444.2307692307692,0.02509425548303401,24667.0,619.0,6,0.0434782609,138,1
A2I6ZALE49CVSC,a_Construction_2,169.41666666666666,151.14285714285714,0.2460235294117647,10625.0,2614.0,29,0.2543859649,114,0
A2IFHU3P1MF54K,a_Rhine_3,533.0,522.2166666666667,0.034275274539785926,50357.0,1726.0,12,0.0323450135,371,1
A2IQ0QCTQ3KWLT,a_Steamengine_0,68.0,299.06451612903226,0.00352477710968277,19292.0,68.0,1,0.01,100,1
A2LLOJFA11FSZF,a_Apolloprogram_4,194.33333333333334,154.7826086956522,0.08737603859555079,7462.0,652.0,9,0.097826087,92,1
A2N9U74YIPDQ9F,a_HarvardUniversity_1,181.66666666666666,169.0,0.048120107789041446,7793.0,375.0,3,0.0348837209,86,1
A2OU4N4VBIE91I,a_FrenchandIndianWar_0,320.14285714285717,342.05,0.27087451434803356,29342.0,7948.0,66,0.2619047619,252,0
A2OVX9UW5WANQE,a_SkyUnitedKingdom_1,0,231.29090909090908,0.0,16879.0,0.0,0,0.0,220,1
A2PSR3CMNR1R9X,a_HarvardUniversity_0,248.0,249.16,0.015037593984962405,16492.0,248.0,2,0.0126582278,158,0
A2QABS5PO2AYES,a_Rhine_1,791.25,492.95454545454544,0.15406162464985995,22491.0,3465.0,30,0.1369863014,219,1
A2RBF3IIJP15IH,a_Apolloprogram_4,373.5,192.15,0.10353430353430354,7215.0,747.0,9,0.1046511628,86,1
A2RC9V49MHS973,a_Oxygen_1,241.0,250.45833333333334,0.01683666340645522,14314.0,241.0,3,0.0193548387,155,0
A2UKBPPWF76NCT,a_Apolloprogram_4,164.0,693.6862745098039,0.0028592349802991734,57358.0,164.0,2,0.0025125628,796,0
A2V27A9GZA1NR2,a_HarvardUniversity_0,186.5,181.775,0.03383526850507983,11024.0,373.0,3,0.0254237288,118,1
A2VLTSW6CXIUMR,a_Apolloprogram_4,266.6666666666667,500.6666666666667,0.019603038470963,40810.0,800.0,9,0.0245901639,366,1
A2WBGRTWOXDE6M,a_Steamengine_0,0,413.8125,0.0,35412.0,0.0,0,0.0,200,1
A2XENTYL1D1UOL,a_Rhine_3,370.25,381.17241379310343,0.041603075009892035,35382.0,1472.0,18,0.0368852459,488,0
A2Y87M8V0N1M6P,a_Geology_4,247.42105263157896,332.1923076923077,0.28078962875662933,20364.0,5718.0,43,0.288590604,149,1
A2YP60DM1HYTH8,a_Kenya_1,758.25,375.65384615384613,0.11617593602326427,27510.0,3196.0,18,0.0932642487,193,0
A2YTY52FZNII62,a_HarvardUniversity_0,196.0,161.91489361702128,0.032434221413205365,12086.0,392.0,5,0.0301204819,166,0
A2Z5A7TCIR8M6E,a_Steamengine_0,80.0,207.41935483870967,0.021502399409376153,10836.0,233.0,3,0.0247933884,121,1
A2Z6GCD1ZNCT6Z,a_HarvardUniversity_3,55.0,225.97142857142856,0.005123428039124359,10735.0,55.0,1,0.008,125,1
A2ZDEERVRN5AMC,a_Geology_4,226.76923076923077,180.96296296296296,0.23550439694001574,13987.0,3294.0,30,0.2654867257,113,1
A2ZSL0EDN3H4AT,a_HarvardUniversity_0,405.5,307.10714285714283,0.03346952251248401,24231.0,811.0,6,0.0269058296,223,1
A3084P5PROPWOI,a_AmericanBroadcastingCompany_3,0,137.68965517241378,0.0,5611.0,0.0,0,0.0,78,0
A35J0Z5315SEBK,a_AmericanBroadcastingCompany_3,136.0,240.52,0.007384080790531002,18418.0,136.0,2,0.0090497738,221,1
A35P3396DDWKTT,a_Steamengine_0,0,160.375,0.0,10221.0,0.0,0,0.0,126,1
A361512FNHY889,a_Oxygen_1,145.0,145.8,0.01661319890009166,8728.0,145.0,2,0.018018018,111,0
A36IB78C6MVA3,a_HarvardUniversity_3,374.0,232.625,0.017490529860169295,21383.0,374.0,5,0.0177304965,282,1
A37E5WQJFDG6QG,a_Rhine_1,57.0,120.72413793103448,0.012875536480686695,4427.0,57.0,1,0.0196078431,51,1
A38DHLB88V8DL8,a_SkyUnitedKingdom_1,0,310.7826086956522,0.0,21641.0,0.0,0,0.0,257,1
A39SK1E6IMQBD5,a_HarvardUniversity_1,364.25,435.10869565217394,0.05075240351121638,28708.0,1457.0,16,0.0540540541,296,0
A3A1KP2SJRGNRZ,a_HarvardUniversity_3,328.0,261.0,0.016500969431954126,24241.0,400.0,6,0.0169014085,355,1
A3B2YRSMSC2J3T,a_FrenchandIndianWar_0,0,163.88888888888889,0.0,3122.0,0.0,0,0.0,46,1
A3DTG2QEFWI2II,a_FrenchandIndianWar_0,0,178.25,0.0,9205.0,0.0,0,0.0,113,1
A3EQVDHHKZRC0K,a_Computationalcomplexitytheory_4,129.88888888888889,340.5192307692308,0.08134820820880063,33793.0,2749.0,45,0.0792253521,568,0
A3EU8ENRH654SB,a_Oxygen_1,140.0,338.43243243243245,0.0042383143618309515,33032.0,140.0,2,0.0063091483,317,1
A3FL5SZK2XRTFB,a_Construction_2,155.05882352941177,153.28571428571428,0.24232619151727153,11435.0,2771.0,33,0.2088607595,158,1
A3FPXYVABXB9IZ,a_Steamengine_0,304.0,132.9047619047619,0.040948275862068964,7424.0,304.0,3,0.0333333333,90,1
A3HNEYFOIJWPH1,a_AmericanBroadcastingCompany_3,62.0,185.75409836065575,0.004316045945005221,14365.0,62.0,1,0.0064102564,156,0
A3K0U7YO7V7KZF,a_Oxygen_1,0,191.37037037037038,0.0,7324.0,0.0,0,0.0,93,1
A3L95FSCN74FIF,a_Privateschool_2,511.5,213.45833333333334,0.0738734835355286,13848.0,1023.0,10,0.0632911392,158,1
A3MHP4LZ3V88NF,a_FrenchandIndianWar_0,0,82.0,0.0,2838.0,0.0,0,0.0,47,1
A3NXT3OVGL7QNR,a_Privateschool_2,50.0,665.75,0.0011750605156165544,42551.0,50.0,1,0.004,250,1
A3NXW2JI4DU0C0,a_HarvardUniversity_3,0,206.96774193548387,0.0,9943.0,0.0,0,0.0,115,1
A3RDJ3UZ9EJP6Y,a_HarvardUniversity_3,0,192.27777777777777,0.0,5468.0,0.0,0,0.0,50,1
A3RI9RLBGPG2B6,a_Rhine_1,70.0,115.26315789473684,0.019948703334283273,3509.0,70.0,1,0.0181818182,55,0
A3RMV9ZGFJ0HHF,a_AmericanBroadcastingCompany_3,76.0,423.7586206896552,0.002169259312116455,35035.0,76.0,1,0.0031055901,322,1
A3RVHUY67SVXQV,a_Geology_4,187.0,263.94444444444446,0.342745958890441,10022.0,3435.0,33,0.375,88,0
A3VHDQR8A9JJ4F,a_Kenya_1,124.0,296.0,0.005944391179290508,20860.0,124.0,2,0.0088888889,225,0
A489K1IFOM4JW,a_VictoriaAustralia_2,103.0,110.7741935483871,0.016777976869196937,6139.0,103.0,1,0.0119047619,84,1
A4CHLWPHZIP7Y,a_HarvardUniversity_1,152.66666666666666,178.36363636363637,0.033154770522658174,13814.0,458.0,6,0.03125,192,1
A4W9APAHFWVLO,a_Rhine_3,238.0,244.85714285714286,0.013858695652173913,22080.0,306.0,3,0.013215859,227,1
A4W9APAHFWVLO,a_VictoriaAustralia_2,135.0,343.38775510204084,0.006108597285067873,22100.0,135.0,1,0.0050505051,198,0
A7GT7BIC7ERWE,a_Geology_4,141.75,152.87878787878788,0.18750642145278948,9733.0,1825.0,24,0.1967213115,122,1
A7SW6SVNJ5V6O,a_Rhine_3,153.5,178.0,0.052904564315352696,10604.0,561.0,6,0.052173913,115,0
A8C3WNWRBWUXO,a_Computationalcomplexitytheory_4,315.5,559.3611111111111,0.03845367747963444,34249.0,1317.0,18,0.0391304348,460,0
A9KXY0C9JHSZL,a_GenghisKhan_0,80.0,138.27272727272728,0.0,3358.0,0.0,0,0.0,45,1
ACTQSBR4YRLZZ,a_Computationalcomplexitytheory_4,265.42105263157896,292.35714285714283,0.24734904916308825,22822.0,5645.0,65,0.2398523985,271,0
AI8E3ZLZ3FO6O,a_FrenchandIndianWar_0,216.0,270.46153846153845,0.05791661080573803,7459.0,432.0,4,0.049382716,81,1
AIA7RZSAONU5M,a_Steamengine_0,261.0,432.6333333333333,0.013132654566917515,27108.0,356.0,3,0.0132743363,226,0
AKAM01E1R4KAF,a_Construction_2,131.0,199.5,0.3475266123982467,6388.0,2220.0,29,0.3222222222,90,1
AKNBC1TE88NDO,a_VictoriaAustralia_2,58.0,355.22641509433964,0.002224694104560623,26071.0,58.0,1,0.0035587189,281,0
AMPR904VJJFZY,a_Computationalcomplexitytheory_4,84.57142857142857,160.30434782608697,0.0830928330928331,8316.0,691.0,10,0.1162790698,86,0
ANCTZADQC3D75,a_Apolloprogram_4,87.0,195.54545454545453,0.00856552131534902,10157.0,87.0,2,0.0168067227,119,0
ANX6Q4NMZL8EI,a_Computationalcomplexitytheory_4,290.8235294117647,261.19444444444446,0.2028280196198651,26096.0,5293.0,60,0.2112676056,284,0
AQMLJYUQCSG22,a_HarvardUniversity_3,0,262.1764705882353,0.0,13561.0,0.0,0,0.0,131,0
ARUXG5FD1Q76F,a_Privateschool_2,1031.0,288.65625,0.040069957248348234,25730.0,1031.0,11,0.0416666667,264,1
AT6LDQNLKTUSE,a_HarvardUniversity_1,0,172.33333333333334,0.0,10148.0,0.0,0,0.0,115,0
ATA9BBCLTE2HS,a_FrenchandIndianWar_0,56.0,85.75,0.011494252873563218,4872.0,56.0,1,0.0172413793,58,1
AUA3VQ48GSMLF,a_GenghisKhan_0,0,78.0,0.0,573.0,0.0,0,0.0,10,1
AX8NXTT8QMGHC,a_Privateschool_2,819.0,258.0357142857143,0.04292677813302584,19079.0,819.0,6,0.032967033,182,1
AXY0D2AMLKE2A,a_Rhine_1,107.66666666666667,140.08695652173913,0.0449672838646805,7183.0,323.0,3,0.0337078652,89,0
AYQTQYOLTNY0Y,a_FrenchandIndianWar_0,62.0,85.66666666666667,0.032274856845393024,1921.0,62.0,1,0.04,25,1
AYY0UC6KCN9RW,a_Computationalcomplexitytheory_4,283.05882352941177,373.5882352941176,0.21694017539289745,23034.0,4997.0,74,0.212034384,349,0
AYYSG3O9FNU15,a_Privateschool_2,147.0,154.16666666666666,0.036431226765799254,4035.0,147.0,2,0.0540540541,37,1
AZU9D7YLCTAYV,a_Computationalcomplexitytheory_4,238.05882352941177,326.6829268292683,0.14988871456197322,27407.0,4108.0,39,0.1857142857,210,0
p1-lab-control,a_Computationalcomplexitytheory_4,197.8125,191.52,0.2883699841305826,13233.0,3816.0,35,0.3043478261,115,1
A10BH9PYCYUKDJ,a_FresnoCalifornia_3,239.66666666666666,476.68888888888887,0.023431413675316114,33374.0,782.0,7,0.0330188679,212,0
A10W3EILX06DFO,a_Steamengine_3,53.0,108.31111111111112,0.0,7790.0,0.0,0,0.0,138,1
A11EZAV2HRYKD5,a_Warsaw_4,60.333333333333336,414.1730769230769,0.010243867857649228,28212.0,289.0,5,0.0125944584,397,1
A11YS0T8MV3Q7C,a_FresnoCalifornia_3,877.3333333333334,406.8965517241379,0.0805036031741581,35663.0,2871.0,18,0.0594059406,303,1
A12HLLXWOQJ14Q,a_DoctorWho_3,0,177.58333333333334,0.0,7781.0,0.0,0,0.0,102,0
A12NT768CR36E5,a_Chloroplast_3,0,177.13636363636363,0.0,11336.0,0.0,0,0.0,127,1
A13WTEQ06V3B6D,a_Teacher_0,0,278.4375,0.0,7489.0,0.0,0,0.0,69,1
A160BYMX7X0EPG,a_Oxygen_1,0,253.9056603773585,0.0,18376.0,0.0,0,0.0,245,0
A17Q4QN6UE0EZC,a_Warsaw_1,443.0,154.19230769230768,0.14967081199707388,6835.0,1023.0,9,0.1125,80,0
A18JFH5XQAUVAK,a_1973oilcrisis_1,72.0,137.05555555555554,0.010638297872340425,6768.0,72.0,1,0.0120481928,83,0
A19F9CLZ0XWBYR,a_Chloroplast_3,182.3846153846154,121.19047619047619,0.31689973927470966,8438.0,2674.0,28,0.3010752688,93,0
A19L8SNH73AX1Z,a_IntergovernmentalPanelonClimateChange_2,256.57142857142856,256.7368421052632,0.09512060023163302,19859.0,1889.0,15,0.0815217391,184,0
A1B7X75L6JOPGM,a_Warsaw_4,131.6,133.24242424242425,0.12388745334481768,6966.0,863.0,12,0.125,96,0
A1BASVXQK125PD,a_DoctorWho_3,320.0,238.05882352941177,0.05564894788707901,17251.0,960.0,11,0.047826087,230,0
A1CPY1HLCFTIL1,a_Oxygen_1,326.5,664.2203389830509,0.01220925884376636,53484.0,653.0,8,0.015625,512,1
A1D26DHX9CDRGI,a_FrenchandIndianWar_2,76.5,112.52173913043478,0.03444394416929311,4442.0,153.0,2,0.0350877193,57,1
A1D41E24S4E4I4,a_Steamengine_3,307.0,292.44642857142856,0.0,23590.0,0.0,0,0.0,265,1
A1HR8IRDC07FO9,a_1973oilcrisis_1,1096.0,308.7878787878788,0.06211391328988382,17645.0,1096.0,11,0.0509259259,216,1
A1IJ6E21R29K53,a_VictoriaAustralia_3,0,235.23333333333332,0.0,12807.0,0.0,0,0.0,148,0
A1ISZTMNHXPB4C,a_Warsaw_4,208.875,202.02083333333334,0.12793667007150153,15664.0,2004.0,21,0.1193181818,176,0
A1JI19KPIVNL3Y,a_Chloroplast_3,176.625,299.52941176470586,0.08661807724726064,20169.0,1747.0,22,0.0901639344,244,0
A1JWPEUSQYB6XL,a_VictoriaAustralia_3,0,237.88888888888889,0.0,5989.0,0.0,0,0.0,59,0
A1K76PLMB0YQT5,a_VictoriaAustralia_1,333.88235294117646,588.2692307692307,0.13982197235886626,42690.0,5969.0,89,0.1442463533,617,1
A1KGPGSI6I9TQ5,a_FrenchandIndianWar_2,64.0,106.5,0.014918414918414918,4290.0,64.0,1,0.0192307692,52,0
A1LTVR9DOB62B1,a_VictoriaAustralia_1,300.0,207.66666666666666,0.4208318132068588,16446.0,6921.0,68,0.3655913978,186,0
A1N93G08WP4XH7,a_1973oilcrisis_1,63.0,357.88,0.0033635878270154834,18730.0,63.0,1,0.0065789474,152,0
A1OM5NWYYYJKQW,a_Teacher_0,167.0,226.5,0.03280620764168549,10181.0,334.0,3,0.038961039,77,1
A1OZPLHNIU1519,a_Kenya_3,146.66666666666666,166.5,0.03538399678327302,12435.0,440.0,5,0.0328947368,152,1
A1PHDT66U6IK4Q,a_FrenchandIndianWar_2,0,215.26315789473685,0.0,15543.0,0.0,0,0.0,206,1
A1QMJNJ5FGC09,a_VictoriaAustralia_1,445.42105263157896,288.42105263157896,0.3046281657831923,32259.0,9827.0,51,0.2217391304,230,0
A1T9BJRS4IL8VQ,a_IntergovernmentalPanelonClimateChange_2,119.5,85.0,0.13759355210132412,1737.0,239.0,3,0.1304347826,23,0
A1VGM6OJRPRNCQ,a_DoctorWho_3,0,162.42857142857142,0.0,9181.0,0.0,0,0.0,111,0
A1WH32GYQOHIRQ,a_VictoriaAustralia_1,185.33333333333334,619.7714285714286,0.03081527462173696,36086.0,1112.0,9,0.023872679,377,1
A1WRZX4HNRMVG1,a_FrenchandIndianWar_2,205.0,235.62121212121212,0.018680517587023875,21948.0,410.0,5,0.0217391304,230,0
A1YRYQBQGQRY1Q,a_SuperBowl50_1,105.33333333333333,365.2340425531915,0.010069145715833413,31383.0,316.0,5,0.018115942,276,0
A1YTB9G04PC71S,a_Kenya_3,294.0,209.675,0.01585162020811991,18547.0,294.0,3,0.015625,192,0
A20SL254675EOK,a_DoctorWho_3,0,113.93333333333334,0.0,3639.0,0.0,0,0.0,43,0
A23KAJRDVCVGOE,a_1973oilcrisis_3,0,227.19230769230768,0.0,13114.0,0.0,0,0.0,163,0
A24LB89P1BPKKF,a_VictoriaAustralia_1,199.2,412.13513513513516,0.10224357933699146,30799.0,3149.0,40,0.1162790698,344,1
A25TQ73VVCOM4X,a_VictoriaAustralia_1,305.8421052631579,317.1521739130435,0.17970291602718702,36488.0,6557.0,86,0.1765913758,487,0
A28VE2YSRYE3B8,a_1973oilcrisis_1,0,116.625,0.0,1352.0,0.0,0,0.0,16,0
A292T1OXCVXN78,a_SuperBowl50_2,0,85.0,0.0,1293.0,0.0,0,0.0,20,1
A293JF50QSYCRO,a_1973oilcrisis_1,1036.0,287.97222222222223,0.035363189513926814,29296.0,1036.0,10,0.0307692308,325,1
A2APG8MSLJ6G2K,a_Teacher_0,0,171.21052631578948,0.0,9567.0,0.0,0,0.0,119,1
A2G57M3XD1AIBS,a_Chloroplast_3,148.0,347.1219512195122,0.013562221271916428,32738.0,444.0,5,0.0129533679,386,0
A2H1QUGX0SOUMH,a_IntergovernmentalPanelonClimateChange_2,156.0,148.89473684210526,0.06396063960639606,4878.0,312.0,4,0.0571428571,70,0
A2HOEI5M6G883O,a_SuperBowl50_1,508.6666666666667,606.3888888888889,0.058516263419323825,31205.0,1826.0,7,0.056,125,0
A2I6ZALE49CVSC,a_DoctorWho_3,463.5,303.3488372093023,0.03361253127379528,27579.0,927.0,10,0.0338983051,295,0
A2IFHU3P1MF54K,a_FresnoCalifornia_3,166.33333333333334,360.344262295082,0.014488124963707102,34442.0,499.0,5,0.0177304965,282,1
A2IQ0QCTQ3KWLT,a_Warsaw_0,204.0,375.02127659574467,0.007780023645169902,26221.0,204.0,1,0.0053191489,188,0
A2LLOJFA11FSZF,a_Oxygen_1,0,254.0,0.0,18226.0,0.0,0,0.0,242,0
A2N9U74YIPDQ9F,a_1973oilcrisis_3,188.0,202.86666666666667,0.03766402884904337,9983.0,376.0,3,0.032967033,91,0
A2OU4N4VBIE91I,a_1973oilcrisis_1,0,290.0652173913044,0.0,24410.0,0.0,0,0.0,237,0
A2OVX9UW5WANQE,a_Warsaw_1,312.0,155.44444444444446,0.05589895189465197,11163.0,624.0,7,0.0466666667,150,0
A2PSR3CMNR1R9X,a_IntergovernmentalPanelonClimateChange_2,213.71428571428572,239.04347826086956,0.10233258088788563,14619.0,1496.0,13,0.1015625,128,0
A2QABS5PO2AYES,a_FrenchandIndianWar_2,0,531.6111111111111,0.0,11625.0,0.0,0,0.0,107,0
A2RBF3IIJP15IH,a_Oxygen_1,0,227.225,0.0,12537.0,0.0,0,0.0,145,0
A2RC9V49MHS973,a_Steamengine_3,0,252.5,0.0,5555.0,0.0,0,0.0,61,1
A2UKBPPWF76NCT,a_Oxygen_1,0,181.65714285714284,0.0,8956.0,0.0,0,0.0,122,0
A2V27A9GZA1NR2,a_IntergovernmentalPanelonClimateChange_2,358.1666666666667,196.89473684210526,0.10832745236414962,19838.0,2149.0,17,0.0971428571,175,1
A2VLTSW6CXIUMR,a_Oxygen_1,0,500.94202898550725,0.0,46621.0,0.0,0,0.0,413,1
A2WBGRTWOXDE6M,a_Warsaw_0,1249.5,487.98039215686276,0.07395422997561434,42648.0,3154.0,15,0.0597609562,251,0
A2XENTYL1D1UOL,a_FresnoCalifornia_3,865.3333333333334,764.5294117647059,0.03420155934161132,86575.0,2961.0,34,0.0275303644,1235,0
A2Y87M8V0N1M6P,a_Teacher_0,391.5,237.14285714285714,0.054265714879756045,14429.0,783.0,6,0.0560747664,107,1
A2YP60DM1HYTH8,a_VictoriaAustralia_1,232.92857142857142,507.9166666666667,0.10453121857311151,34803.0,3638.0,25,0.0939849624,266,0
A2YTY52FZNII62,a_IntergovernmentalPanelonClimateChange_2,220.1,117.5,0.1912634735391847,12339.0,2360.0,27,0.1588235294,170,0
A2Z5A7TCIR8M6E,a_Warsaw_0,114.5,264.2631578947368,0.010013555468100923,22869.0,229.0,3,0.0111111111,270,0
A2Z6GCD1ZNCT6Z,a_Chloroplast_3,320.0,440.9574468085106,0.02939915477430024,32654.0,960.0,8,0.023880597,335,0
A2ZDEERVRN5AMC,a_Teacher_0,0,209.75,0.0,9252.0,0.0,0,0.0,81,1
A2ZSL0EDN3H4AT,a_IntergovernmentalPanelonClimateChange_2,373.0,220.7058823529412,0.13355317394888705,21834.0,2916.0,23,0.1095238095,210,0
A3084P5PROPWOI,a_Kenya_3,0,118.6,0.0,3305.0,0.0,0,0.0,37,1
A35J0Z5315SEBK,a_Kenya_3,305.3333333333333,383.9767441860465,0.031694405037887965,28901.0,916.0,11,0.0310734463,354,1
A35P3396DDWKTT,a_Warsaw_0,69.0,365.55102040816325,0.0024098910310142497,28632.0,69.0,1,0.0029498525,339,0
A361512FNHY889,a_Steamengine_3,217.0,183.03846153846155,0.010507396654223696,7233.0,76.0,1,0.012987013,77,1
A36IB78C6MVA3,a_Chloroplast_3,229.0,135.0,0.02454974271012007,9328.0,229.0,3,0.0247933884,121,1
A37E5WQJFDG6QG,a_FrenchandIndianWar_2,0,103.8529411764706,0.0,4705.0,0.0,0,0.0,60,0
A38DHLB88V8DL8,a_Warsaw_1,924.0,284.0,0.08867431663401437,21438.0,1901.0,23,0.0807017544,285,0
A39SK1E6IMQBD5,a_1973oilcrisis_3,469.0,412.0,0.020653180975911057,25904.0,535.0,5,0.0187969925,266,0
A3A1KP2SJRGNRZ,a_Chloroplast_3,0,157.54545454545453,0.0,8273.0,0.0,0,0.0,114,0
A3B2YRSMSC2J3T,a_VictoriaAustralia_3,0,95.71428571428571,0.0,2072.0,0.0,0,0.0,30,0
A3DTG2QEFWI2II,a_VictoriaAustralia_3,0,240.04166666666666,0.0,17280.0,0.0,0,0.0,221,0
A3EQVDHHKZRC0K,a_SuperBowl50_2,543.0,511.76190476190476,0.016015809344030203,33904.0,543.0,9,0.0148026316,608,0
A3EU8ENRH654SB,a_Steamengine_3,0,342.537037037037,0.0,25430.0,0.0,0,0.0,239,1
A3FL5SZK2XRTFB,a_DoctorWho_3,209.66666666666666,259.0,0.02490793173088346,25253.0,629.0,8,0.0242424242,330,1
A3FPXYVABXB9IZ,a_Warsaw_0,0,168.06666666666666,0.0,5614.0,0.0,0,0.0,82,0
A3HNEYFOIJWPH1,a_Kenya_3,0,183.0,0.0,12419.0,0.0,0,0.0,116,1
A3K0U7YO7V7KZF,a_Steamengine_3,0,338.7567567567568,0.0,19999.0,0.0,0,0.0,231,1
A3L95FSCN74FIF,a_Chloroplast_3,189.33333333333334,133.35294117647058,0.09374484238323155,6059.0,568.0,6,0.0909090909,66,0
A3MHP4LZ3V88NF,a_VictoriaAustralia_3,132.0,50.0,0.16136919315403422,1636.0,264.0,4,0.1538461538,26,0
A3NXT3OVGL7QNR,a_SuperBowl50_1,617.0,663.2558139534884,0.037206940943953874,55151.0,2052.0,17,0.0437017995,389,0
A3NXW2JI4DU0C0,a_Chloroplast_3,343.5,316.6829268292683,0.0352598713554627,21299.0,751.0,10,0.0448430493,223,0
A3RDJ3UZ9EJP6Y,a_Chloroplast_3,121.5,495.6,0.0071929668768315426,33783.0,243.0,2,0.007751938,258,0
A3RI9RLBGPG2B6,a_FrenchandIndianWar_2,0,97.75862068965517,0.0,4448.0,0.0,0,0.0,61,1
A3RMV9ZGFJ0HHF,a_Kenya_3,103.0,396.0833333333333,0.005107480227109315,40333.0,206.0,3,0.007751938,387,1
A3RVHUY67SVXQV,a_Teacher_0,0,183.14285714285714,0.0,6461.0,0.0,0,0.0,61,1
A3VHDQR8A9JJ4F,a_VictoriaAustralia_1,218.93333333333334,282.0882352941176,0.1657754010695187,24123.0,3999.0,47,0.1865079365,252,0
A489K1IFOM4JW,a_1973oilcrisis_1,571.0,201.2941176470588,0.13297297297297297,5550.0,738.0,9,0.1323529412,68,1
A4CHLWPHZIP7Y,a_1973oilcrisis_3,183.5,176.80769230769232,0.042217876452317955,8693.0,367.0,6,0.045112782,133,1
A4W9APAHFWVLO,a_FresnoCalifornia_3,159.0,270.75,0.015726225211413876,20221.0,318.0,3,0.0142180095,211,0
A4W9APAHFWVLO,a_1973oilcrisis_1,368.0,378.9736842105263,0.019470899470899472,18900.0,368.0,4,0.0281690141,142,0
A7GT7BIC7ERWE,a_Teacher_0,197.0,106.42105263157895,0.02469290549009777,7978.0,197.0,3,0.03125,96,1
A7SW6SVNJ5V6O,a_FresnoCalifornia_3,296.0,209.47222222222223,0.07563587684069611,13446.0,1017.0,11,0.0802919708,137,0
A8C3WNWRBWUXO,a_SuperBowl50_2,735.0,144.7,0.033870398682817826,17006.0,576.0,9,0.038961039,231,1
A9KXY0C9JHSZL,a_Warsaw_4,78.0,139.36,0.052099533437014,5144.0,268.0,3,0.0428571429,70,0
ACTQSBR4YRLZZ,a_SuperBowl50_2,56.0,100.33333333333333,0.003971349549677328,14101.0,56.0,1,0.0051020408,196,0
AI8E3ZLZ3FO6O,a_VictoriaAustralia_3,297.5,251.9047619047619,0.017445227294662677,41444.0,723.0,9,0.0196078431,459,0
AIA7RZSAONU5M,a_Warsaw_0,152.0,332.68888888888887,0.014094955489614243,21568.0,304.0,4,0.0209424084,191,0
AKAM01E1R4KAF,a_DoctorWho_3,65.0,131.14814814814815,0.009592680047225502,6776.0,65.0,1,0.011627907,86,1
AKNBC1TE88NDO,a_1973oilcrisis_1,1792.0,521.5263157894736,0.039134373427277304,49675.0,1944.0,22,0.041509434,530,0
AMPR904VJJFZY,a_SuperBowl50_2,0,78.0,0.0,597.0,0.0,0,0.0,9,0
ANCTZADQC3D75,a_Oxygen_1,59.0,286.1666666666667,0.0,12891.0,0.0,0,0.0,122,1
ANX6Q4NMZL8EI,a_SuperBowl50_2,219.0,307.88235294117646,0.0,11235.0,0.0,0,0.0,128,1
AQMLJYUQCSG22,a_Chloroplast_3,274.6666666666667,327.0882352941176,0.03582452936828834,23001.0,824.0,5,0.0264550265,189,0
ARUXG5FD1Q76F,a_SuperBowl50_1,447.0,254.75675675675674,0.10568196764435091,15206.0,1607.0,16,0.0952380952,168,0
AT6LDQNLKTUSE,a_1973oilcrisis_3,0,173.9090909090909,0.0,10488.0,0.0,0,0.0,128,0
ATA9BBCLTE2HS,a_VictoriaAustralia_3,62.5,461.84615384615387,0.013791469194312796,21100.0,291.0,3,0.013215859,227,0
AUA3VQ48GSMLF,a_Warsaw_4,0,66.66666666666667,0.0,780.0,0.0,0,0.0,15,0
AX8NXTT8QMGHC,a_SuperBowl50_1,671.0,280.2682926829268,0.09903955876759224,21032.0,2083.0,18,0.0909090909,198,0
AXY0D2AMLKE2A,a_FrenchandIndianWar_2,68.5,159.59375,0.01668290306867998,8212.0,137.0,2,0.0198019802,101,1
AYQTQYOLTNY0Y,a_VictoriaAustralia_3,151.0,107.2,0.04326647564469914,3490.0,151.0,2,0.0377358491,53,0
AYY0UC6KCN9RW,a_SuperBowl50_2,579.0,438.75,0.025472651176215905,27716.0,706.0,11,0.0268292683,410,0
AYYSG3O9FNU15,a_SuperBowl50_1,196.0,168.1818181818182,0.02852153667054715,6872.0,196.0,2,0.0338983051,59,1
AZU9D7YLCTAYV,a_SuperBowl50_2,197.0,321.0,0.011195726301432144,17596.0,197.0,2,0.0131578947,152,1
p1-lab-control,a_SuperBowl50_2,165.0,135.33333333333334,0.022409344017384217,7363.0,165.0,2,0.0338983051,59,0
A10BH9PYCYUKDJ,a_MartinLuther_2,0,547.1315789473684,0.0,47205.0,0.0,0,0.0,324,0
A10W3EILX06DFO,a_Packetswitching_2,50.0,80.3076923076923,0.053406998158379376,2715.0,145.0,2,0.0392156863,51,1
A11EZAV2HRYKD5,a_IntergovernmentalPanelonClimateChange_0,61.0,287.6119402985075,0.0067708511438634884,29243.0,198.0,3,0.0066079295,454,0
A11YS0T8MV3Q7C,a_MartinLuther_2,332.0,538.6153846153846,0.018704598952137486,39509.0,739.0,9,0.0265486726,339,0
A12HLLXWOQJ14Q,a_SuperBowl50_2,0,143.25,0.0,4995.0,0.0,0,0.0,71,1
A12NT768CR36E5,a_Islamism_1,216.83333333333334,115.91666666666667,0.35205479452054794,13140.0,4626.0,55,0.3503184713,157,1
A13WTEQ06V3B6D,a_IntergovernmentalPanelonClimateChange_0,170.0,153.35294117647058,0.029299048089998763,8089.0,237.0,2,0.021978022,91,0
A160BYMX7X0EPG,a_MartinLuther_2,280.0,239.80851063829786,0.22616448326055313,21984.0,4972.0,65,0.2117263844,307,1
A17Q4QN6UE0EZC,a_Ctenophora_2,0,134.43478260869566,0.0,5336.0,0.0,0,0.0,65,1
A18JFH5XQAUVAK,a_SkyUnitedKingdom_0,0,92.6923076923077,0.0,3309.0,0.0,0,0.0,50,0
A19F9CLZ0XWBYR,a_MartinLuther_0,363.5,156.56,0.20725995316159251,7686.0,1593.0,13,0.1382978723,94,0
A19L8SNH73AX1Z,a_Oxygen_1,1344.0,184.75510204081633,0.09150949819568326,14687.0,1344.0,7,0.052238806,134,0
A1B7X75L6JOPGM,a_IntergovernmentalPanelonClimateChange_0,0,78.22222222222223,0.0,1241.0,0.0,0,0.0,18,1
A1BASVXQK125PD,a_SuperBowl50_2,0,105.25,0.0,3830.0,0.0,0,0.0,67,1
A1CPY1HLCFTIL1,a_MartinLuther_2,775.5,849.6666666666666,0.24088302919176927,68718.0,16553.0,168,0.2304526749,729,0
A1D26DHX9CDRGI,a_Chloroplast_4,124.0,74.6,0.0,3062.0,0.0,0,0.0,41,1
A1D41E24S4E4I4,a_Packetswitching_2,184.2,373.3,0.10083259947161957,24982.0,2519.0,25,0.0909090909,275,0
A1HR8IRDC07FO9,a_Rhine_0,0,258.4166666666667,0.0,16493.0,0.0,0,0.0,223,1
A1IJ6E21R29K53,a_HarvardUniversity_0,0,257.6060606060606,0.0,10365.0,0.0,0,0.0,121,0
A1ISZTMNHXPB4C,a_IntergovernmentalPanelonClimateChange_0,59.0,128.05714285714285,0.00891508008461771,6618.0,59.0,1,0.0113636364,88,1
A1JI19KPIVNL3Y,a_MartinLuther_0,203.75,218.74418604651163,0.05950208074760897,13697.0,815.0,8,0.0526315789,152,0
A1JWPEUSQYB6XL,a_HarvardUniversity_0,0,134.47058823529412,0.0,2862.0,0.0,0,0.0,33,0
A1K76PLMB0YQT5,a_Apolloprogram_2,436.5,368.3333333333333,0.06160842210178783,32106.0,1978.0,32,0.0634920635,504,0
A1KGPGSI6I9TQ5,a_Chloroplast_4,138.0,147.07142857142858,0.0192414947016174,7172.0,138.0,2,0.0215053763,93,1
A1LTVR9DOB62B1,a_Apolloprogram_2,210.25,270.2456140350877,0.03483559438951483,26094.0,909.0,11,0.0372881356,295,0
A1N93G08WP4XH7,a_Rhine_0,68.0,245.45454545454547,0.004334246924596851,15689.0,68.0,1,0.0072992701,137,0
A1OM5NWYYYJKQW,a_IntergovernmentalPanelonClimateChange_0,174.0,188.83333333333334,0.015306122448979591,11368.0,174.0,1,0.0105263158,95,0
A1OZPLHNIU1519,a_SouthernCalifornia_2,350.3333333333333,200.4255319148936,0.06785460649493189,15489.0,1051.0,13,0.0722222222,180,1
A1PHDT66U6IK4Q,a_Chloroplast_4,480.0,243.0,0.04709495776810852,11721.0,552.0,7,0.0469798658,149,0
A1QMJNJ5FGC09,a_Apolloprogram_2,396.0,336.3692307692308,0.02299519274931872,32659.0,751.0,5,0.0183150183,273,0
A1T9BJRS4IL8VQ,a_Oxygen_1,169.5,108.18181818181819,0.12410071942446044,3336.0,414.0,5,0.1136363636,44,0
A1VGM6OJRPRNCQ,a_SuperBowl50_2,0,156.0,0.0,3093.0,0.0,0,0.0,47,0
A1WH32GYQOHIRQ,a_Apolloprogram_2,81.5,324.06666666666666,0.005737618360378754,28409.0,163.0,2,0.0061919505,323,1
A1WRZX4HNRMVG1,a_Chloroplast_4,213.0,294.875,0.013723342568133496,15521.0,213.0,2,0.0122699387,163,0
A1YRYQBQGQRY1Q,a_Teacher_1,0,386.95,0.0,23026.0,0.0,0,0.0,219,0
A1YTB9G04PC71S,a_SouthernCalifornia_2,186.5,166.72222222222223,0.03850123864574732,9688.0,373.0,5,0.0434782609,115,1
A20SL254675EOK,a_SuperBowl50_2,0,186.5,0.0,1780.0,0.0,0,0.0,21,1
A23KAJRDVCVGOE,a_VictoriaandAlbertMuseum_2,56.0,144.20689655172413,0.006683375104427736,8379.0,56.0,1,0.0089285714,112,0
A24LB89P1BPKKF,a_Apolloprogram_2,112.75,330.2,0.012605159451074653,35779.0,451.0,7,0.0146750524,477,0
A25TQ73VVCOM4X,a_Apolloprogram_2,138.0,240.50704225352112,0.0166525883914565,24861.0,414.0,4,0.0118343195,338,0
A28VE2YSRYE3B8,a_Rhine_0,136.0,108.14285714285714,0.029545948294590483,4603.0,136.0,2,0.0338983051,59,0
A292T1OXCVXN78,a_AmericanBroadcastingCompany_0,171.0,165.36111111111111,0.01634486713821449,10462.0,171.0,2,0.016,125,0
A293JF50QSYCRO,a_SkyUnitedKingdom_0,741.0,314.4186046511628,0.03546472671580358,20894.0,741.0,9,0.0324909747,277,0
A2APG8MSLJ6G2K,a_IntergovernmentalPanelonClimateChange_0,67.0,180.975,0.013893208916537066,9645.0,134.0,2,0.0165289256,121,1
A2G57M3XD1AIBS,a_Islamism_1,469.88235294117646,275.14285714285717,0.3964447736320711,21602.0,8564.0,110,0.355987055,309,1
A2H1QUGX0SOUMH,a_Oxygen_1,129.0,75.3103448275862,0.04738604172031934,3883.0,184.0,3,0.0454545455,66,1
A2HOEI5M6G883O,a_Teacher_1,0,464.2,0.0,21725.0,0.0,1,0.0090909091,110,1
A2I6ZALE49CVSC,a_SuperBowl50_2,0,168.41666666666666,0.0,10306.0,0.0,0,0.0,101,1
A2IFHU3P1MF54K,a_MartinLuther_2,93.0,354.13513513513516,0.0036130536130536133,25740.0,93.0,1,0.004,250,1
A2IQ0QCTQ3KWLT,a_Rhine_0,0,269.4230769230769,0.0,25824.0,0.0,0,0.0,207,0
A2LLOJFA11FSZF,a_MartinLuther_2,163.25,107.5,0.29494614747307374,2414.0,712.0,9,0.3,30,1
A2N9U74YIPDQ9F,a_VictoriaandAlbertMuseum_2,153.8,195.72413793103448,0.21808834472028682,14783.0,3224.0,33,0.2244897959,147,0
A2OU4N4VBIE91I,a_Rhine_0,1171.0,236.02325581395348,0.04326163994245816,28501.0,1233.0,12,0.0456273764,263,1
A2OVX9UW5WANQE,a_Ctenophora_2,0,213.62962962962962,0.0,15072.0,0.0,0,0.0,192,1
A2PSR3CMNR1R9X,a_Oxygen_1,377.0,185.19672131147541,0.052318437560628595,15463.0,809.0,7,0.0451612903,155,0
A2QABS5PO2AYES,a_Chloroplast_4,73.0,184.14285714285714,0.01806036615536863,4042.0,73.0,1,0.0192307692,52,0
A2RBF3IIJP15IH,a_MartinLuther_2,235.8235294117647,279.45,0.3797909407665505,11193.0,4251.0,50,0.390625,128,1
A2RC9V49MHS973,a_Packetswitching_2,0,406.0416666666667,0.0,12420.0,0.0,0,0.0,135,1
A2UKBPPWF76NCT,a_MartinLuther_2,380.06666666666666,245.325,0.3077840607881251,22636.0,6967.0,101,0.2970588235,340,1
A2V27A9GZA1NR2,a_Oxygen_1,150.5,239.08,0.015564403536894358,19339.0,301.0,3,0.0154639175,194,1
A2VLTSW6CXIUMR,a_MartinLuther_2,358.7368421052632,454.74418604651163,0.2048430240743348,35515.0,7275.0,74,0.2,370,1
A2WBGRTWOXDE6M,a_Rhine_0,342.0,494.02564102564105,0.03156254711765593,39794.0,1256.0,3,0.0120481928,249,1
A2XENTYL1D1UOL,a_MartinLuther_2,1058.5,414.81481481481484,0.03992437314145159,54478.0,2175.0,26,0.0340760157,763,0
A2Y87M8V0N1M6P,a_IntergovernmentalPanelonClimateChange_0,0,255.0,0.0,19979.0,0.0,0,0.0,149,0
A2YP60DM1HYTH8,a_Apolloprogram_2,250.5,369.42105263157896,0.018133830150597732,32205.0,584.0,4,0.015037594,266,0
A2YTY52FZNII62,a_Oxygen_1,68.0,131.58,0.007174509390166702,9478.0,68.0,1,0.0076335878,131,1
A2Z5A7TCIR8M6E,a_Rhine_0,120.5,126.72,0.03193321849741619,7547.0,241.0,3,0.0309278351,97,0
A2Z6GCD1ZNCT6Z,a_Islamism_1,378.77777777777777,230.5625,0.3567248746052387,21532.0,7681.0,74,0.3775510204,196,1
A2ZDEERVRN5AMC,a_IntergovernmentalPanelonClimateChange_0,476.0,216.925,0.03204092622509424,14856.0,476.0,2,0.0136054422,147,1
A2ZSL0EDN3H4AT,a_Oxygen_1,190.5,261.2878787878788,0.014665691520073906,25979.0,381.0,3,0.0111111111,270,0
A3084P5PROPWOI,a_SouthernCalifornia_2,0,108.07692307692308,0.0,2363.0,0.0,0,0.0,37,1
A35J0Z5315SEBK,a_SouthernCalifornia_2,306.0,185.7843137254902,0.01783216783216783,17160.0,306.0,4,0.0181818182,220,1
A35P3396DDWKTT,a_Rhine_0,101.0,129.43478260869566,0.010218535006070418,9884.0,101.0,1,0.0075757576,132,0
A361512FNHY889,a_Packetswitching_2,188.5,193.4,0.07917673002205187,9523.0,754.0,8,0.0824742268,97,1
A36IB78C6MVA3,a_Islamism_1,119.91666666666667,136.33333333333334,0.2542290961817303,6207.0,1578.0,21,0.2441860465,86,1
A37E5WQJFDG6QG,a_Chloroplast_4,621.0,123.6923076923077,0.07313626192439053,8491.0,621.0,9,0.0818181818,110,0
A38DHLB88V8DL8,a_Ctenophora_2,360.0,236.61904761904762,0.016931615087950335,21262.0,360.0,4,0.013559322,295,0
A39SK1E6IMQBD5,a_VictoriaandAlbertMuseum_2,276.90909090909093,501.7857142857143,0.10915451203604885,33732.0,3682.0,44,0.1246458924,353,0
A3A1KP2SJRGNRZ,a_Islamism_1,255.58823529411765,160.35714285714286,0.3671555492878296,14182.0,5207.0,71,0.3397129187,209,1
A3B2YRSMSC2J3T,a_HarvardUniversity_0,0,96.05882352941177,0.0,2404.0,0.0,0,0.0,34,0
A3DTG2QEFWI2II,a_HarvardUniversity_0,0,154.93333333333334,0.0,2766.0,0.0,0,0.0,33,0
A3EQVDHHKZRC0K,a_AmericanBroadcastingCompany_0,109.5,257.32394366197184,0.007541322314049587,29040.0,219.0,4,0.0080808081,495,1
A3EU8ENRH654SB,a_Packetswitching_2,77.0,456.4,0.026003559422582558,20228.0,526.0,7,0.0360824742,194,1
A3FL5SZK2XRTFB,a_SuperBowl50_2,147.0,150.72727272727272,0.01163895486935867,12630.0,147.0,2,0.011627907,172,1
A3FPXYVABXB9IZ,a_Rhine_0,69.0,167.70833333333334,0.006350082827167311,10866.0,69.0,1,0.0073529412,136,0
A3HNEYFOIJWPH1,a_SouthernCalifornia_2,329.5,231.61764705882354,0.05979493693857182,11021.0,659.0,4,0.0344827586,116,0
A3K0U7YO7V7KZF,a_Packetswitching_2,106.0,96.66666666666667,0.34485407066052226,2604.0,898.0,12,0.2926829268,41,1
A3L95FSCN74FIF,a_MartinLuther_0,93.33333333333333,167.76923076923077,0.028717948717948718,9750.0,280.0,3,0.0229007634,131,0
A3MHP4LZ3V88NF,a_HarvardUniversity_0,0,100.66666666666667,0.0,1476.0,0.0,0,0.0,24,0
A3NXT3OVGL7QNR,a_Teacher_1,760.5,632.2307692307693,0.03782301140464848,41562.0,1572.0,14,0.038147139,367,1
A3NXW2JI4DU0C0,a_Islamism_1,239.4375,222.72222222222223,0.22433189106642912,19645.0,4407.0,43,0.2028301887,212,1
A3RDJ3UZ9EJP6Y,a_Islamism_1,278.6666666666667,311.70588235294116,0.18358281881579533,22513.0,4133.0,42,0.1935483871,217,1
A3RI9RLBGPG2B6,a_Chloroplast_4,0,82.6,0.0,3140.0,0.0,0,0.0,47,1
A3RMV9ZGFJ0HHF,a_SouthernCalifornia_2,340.0,456.9818181818182,0.021124797948832284,35882.0,758.0,9,0.0255681818,352,0
A3RVHUY67SVXQV,a_IntergovernmentalPanelonClimateChange_0,69.0,167.35294117647058,0.007920110192837466,8712.0,69.0,1,0.0120481928,83,0
A3VHDQR8A9JJ4F,a_Apolloprogram_2,90.0,216.59259259259258,0.014332181337670257,19676.0,282.0,4,0.0179372197,223,0
A489K1IFOM4JW,a_SkyUnitedKingdom_0,52.0,231.28571428571428,0.005574614065180103,9328.0,52.0,1,0.0089285714,112,0
A4CHLWPHZIP7Y,a_VictoriaandAlbertMuseum_2,242.10526315789474,176.48275862068965,0.27727577838591416,19367.0,5370.0,74,0.2690909091,275,0
A4W9APAHFWVLO,a_MartinLuther_2,68.0,207.0,0.009969212725406832,13642.0,136.0,2,0.0129032258,155,0
A4W9APAHFWVLO,a_SkyUnitedKingdom_0,79.0,283.2857142857143,0.004148288174753203,19044.0,79.0,1,0.0060606061,165,0
A7GT7BIC7ERWE,a_IntergovernmentalPanelonClimateChange_0,60.0,129.09375,0.008805400645729381,6814.0,60.0,1,0.0114942529,87,0
A7SW6SVNJ5V6O,a_MartinLuther_2,272.0,253.4090909090909,0.04594594594594595,11840.0,544.0,4,0.0363636364,110,0
A8C3WNWRBWUXO,a_AmericanBroadcastingCompany_0,0,400.72340425531917,0.0,28755.0,0.0,0,0.0,380,1
A9KXY0C9JHSZL,a_IntergovernmentalPanelonClimateChange_0,0,101.0,0.0,2426.0,0.0,0,0.0,33,1
ACTQSBR4YRLZZ,a_AmericanBroadcastingCompany_0,166.0,210.75471698113208,0.016345822460735564,20311.0,332.0,5,0.0183150183,273,1
AI8E3ZLZ3FO6O,a_HarvardUniversity_0,70.0,107.6875,0.03098716246126605,2259.0,70.0,1,0.03125,32,0
AIA7RZSAONU5M,a_Rhine_0,0,334.6666666666667,0.0,19504.0,0.0,0,0.0,193,1
AKAM01E1R4KAF,a_SuperBowl50_2,0,101.33333333333333,0.0,2450.0,0.0,0,0.0,33,0
AKNBC1TE88NDO,a_SkyUnitedKingdom_0,442.0,409.25454545454545,0.016302617334267338,31406.0,512.0,5,0.0159235669,314,0
AMPR904VJJFZY,a_AmericanBroadcastingCompany_0,0,110.46666666666667,0.0,7158.0,0.0,0,0.0,85,1
ANCTZADQC3D75,a_MartinLuther_2,198.28571428571428,212.92307692307693,0.2690852819807428,11632.0,3130.0,39,0.314516129,124,1
ANX6Q4NMZL8EI,a_AmericanBroadcastingCompany_0,166.0,271.7659574468085,0.008385956049507452,19795.0,166.0,1,0.0044843049,223,1
AQMLJYUQCSG22,a_Islamism_1,372.8888888888889,334.3333333333333,0.26321503698174664,14737.0,3879.0,31,0.219858156,141,1
ARUXG5FD1Q76F,a_Teacher_1,323.0,312.0731707317073,0.039517563361494,17992.0,711.0,9,0.0420560748,214,1
AT6LDQNLKTUSE,a_VictoriaandAlbertMuseum_2,0,246.06896551724137,0.0,12328.0,0.0,0,0.0,138,0
ATA9BBCLTE2HS,a_HarvardUniversity_0,0,199.1,0.0,2950.0,0.0,0,0.0,34,0
AUA3VQ48GSMLF,a_IntergovernmentalPanelonClimateChange_0,0,67.0,0.0,67.0,0.0,0,0.0,1,1
AX8NXTT8QMGHC,a_Teacher_1,126.0,237.21875,0.010721579305650103,11752.0,126.0,2,0.015503876,129,0
AXY0D2AMLKE2A,a_Chloroplast_4,319.0,177.33333333333334,0.053095872170439415,6008.0,319.0,4,0.0506329114,79,0
AYQTQYOLTNY0Y,a_HarvardUniversity_0,0,99.5,0.0,2412.0,0.0,0,0.0,34,0
AYY0UC6KCN9RW,a_AmericanBroadcastingCompany_0,0,190.28070175438597,0.0,16578.0,0.0,0,0.0,259,1
AYYSG3O9FNU15,a_Teacher_1,0,172.16666666666666,0.0,5282.0,0.0,0,0.0,45,1
AZU9D7YLCTAYV,a_AmericanBroadcastingCompany_0,685.0,245.25862068965517,0.029593467836004667,23147.0,685.0,3,0.0138248848,217,1
p1-lab-control,a_AmericanBroadcastingCompany_0,102.0,189.38709677419354,0.011263250883392226,9056.0,102.0,1,0.01,100,1
