"uniform_id","trialid","trial.nwords","nblink","nrun","nfix","nout","sac","skip","refix","reg","mfix","firstpass","rereading","total","rate","ACCURACY"
"en_uk_1",1,182,8,43,186,0,10.028,0.516,0.139,0.385,181,25580,8116,33696,324,3
"en_uk_1",10,180,4,36,145,0,11.964,0.578,0.091,0.3,171,20614,4230,24844,435,2
"en_uk_1",11,176,6,38,184,0,11.868,0.528,0.241,0.339,180,24164,8983,33147,319,3
"en_uk_1",12,164,4,28,143,0,10.851,0.549,0.186,0.289,178,21330,4094,25424,387,2
"en_uk_1",2,183,5,28,152,0,10.483,0.552,0.202,0.303,173,22540,3716,26256,418,4
"en_uk_1",3,186,7,47,205,0,10.828,0.5,0.176,0.359,181,28964,8191,37155,300,4
"en_uk_1",4,182,5,39,188,0,11.266,0.538,0.193,0.361,174,23751,9000,32751,333,4
"en_uk_1",5,167,4,33,159,0,10.45,0.479,0.195,0.292,176,24595,3385,27980,358,2
"en_uk_1",6,152,2,18,107,0,10.568,0.579,0.16,0.247,173,16138,2320,18458,494,4
"en_uk_1",7,199,5,49,202,0,10.168,0.523,0.147,0.38,175,27062,8197,35259,339,4
"en_uk_1",8,136,4,20,113,0,11.315,0.551,0.203,0.291,182,17352,3198,20550,397,3
"en_uk_1",9,200,3,31,163,0,11.162,0.55,0.193,0.277,167,23752,3448,27200,441,4
"en_uk_10",1,182,26,26,171,0,8.569,0.429,0.153,0.202,187,26728,5208,31936,342,2
"en_uk_10",10,180,11,19,164,0,9.699,0.417,0.15,0.158,231,32830,4981,37811,286,3
"en_uk_10",11,176,16,24,209,0,9.472,0.381,0.244,0.171,233,36032,12587,48619,217,1
"en_uk_10",12,164,13,16,152,0,8.827,0.402,0.138,0.156,209,27204,4550,31754,310,3
"en_uk_10",2,183,25,24,158,0,8.566,0.415,0.132,0.186,194,28345,2379,30724,357,4
"en_uk_10",3,186,18,19,176,0,9.143,0.392,0.211,0.148,187,29584,3410,32994,338,4
"en_uk_10",4,182,24,29,205,0,9,0.407,0.215,0.231,196,30394,9714,40108,272,3
"en_uk_10",5,167,31,15,201,0,8.914,0.353,0.25,0.117,199,29766,10227,39993,251,3
"en_uk_10",6,152,11,14,122,0,8.922,0.428,0.102,0.133,211,22844,2930,25774,354,4
"en_uk_10",7,199,24,28,214,0,8.471,0.402,0.153,0.168,218,33242,13386,46628,256,4
"en_uk_10",8,136,12,11,112,0,9.365,0.449,0.167,0.131,213,21290,2552,23842,342,3
"en_uk_10",9,200,8,23,172,0,8.778,0.44,0.12,0.165,218,31860,5552,37412,321,4
"en_uk_12",10,180,12,34,181,0,9.791,0.528,0.164,0.336,242,34440,9366,43806,247,4
"en_uk_12",11,176,24,51,246,0,8.02,0.767,0.301,0.353,247,42294,18552,60846,174,3
"en_uk_12",12,164,13,43,187,0,9.821,0.573,0.182,0.373,228,30679,11879,42558,231,4
"en_uk_12",2,183,16,46,214,0,8.594,0.454,0.156,0.369,232,39033,10683,49716,221,4
"en_uk_12",3,186,16,56,239,0,9.594,0.468,0.188,0.384,228,36235,18189,54424,205,4
"en_uk_12",4,182,16,44,226,0,9.634,0.478,0.237,0.397,225,38052,12845,50897,215,4
"en_uk_12",6,152,14,39,159,0,9.592,0.52,0.12,0.38,239,28443,9571,38014,240,4
"en_uk_12",7,199,17,45,211,0,9.758,0.588,0.136,0.364,244,37140,14366,51506,232,4
"en_uk_12",8,136,8,37,155,0,10.353,0.691,0.149,0.447,232,24548,11443,35991,227,3
"en_uk_12",9,200,16,42,214,0,9.139,0.54,0.197,0.372,237,38147,12547,50694,237,4
"en_uk_13",1,182,7,18,164,0,8.257,0.418,0.132,0.175,175,21146,7531,28677,381,1
"en_uk_13",10,180,7,12,144,0,8.902,0.428,0.118,0.136,174,22235,2807,25042,431,3
"en_uk_13",11,176,7,19,170,0,8.607,0.398,0.178,0.153,184,25290,5960,31250,338,2
"en_uk_13",12,164,7,10,136,0,9.615,0.427,0.14,0.11,169,19373,3573,22946,429,4
"en_uk_13",2,183,4,13,137,0,8.467,0.426,0.07,0.104,183,22514,2508,25022,439,4
"en_uk_13",3,186,4,13,180,0,8.961,0.382,0.22,0.106,175,25324,6135,31459,355,4
"en_uk_13",4,182,4,11,155,0,7.95,0.401,0.195,0.088,179,25458,2344,27802,393,4
"en_uk_13",5,167,4,12,155,0,10.007,0.437,0.191,0.118,175,23022,4067,27089,370,2
"en_uk_13",6,152,4,13,120,0,8.906,0.474,0.121,0.132,170,17285,3070,20355,448,4
"en_uk_13",8,136,3,9,98,0,9.64,0.515,0.048,0.119,187,16825,1511,18336,445,4
"en_uk_13",9,200,6,19,155,0,9.231,0.435,0.063,0.134,178,23709,3903,27612,435,4
"en_uk_14",1,182,6,16,146,0,9.465,0.44,0.177,0.133,289,37833,4381,42214,259,0
"en_uk_14",11,176,6,17,146,0,9.463,0.562,0.186,0.15,289,38900,3226,42126,251,1
"en_uk_14",2,183,6,16,129,0,9.158,0.574,0.102,0.139,265,31433,2757,34190,321,3
"en_uk_14",3,186,8,16,151,0,8.953,0.489,0.148,0.131,286,40468,2726,43194,258,1
"en_uk_14",4,182,8,14,151,0,9.157,0.434,0.172,0.112,280,39571,2742,42313,258,3
"en_uk_14",9,200,6,12,140,0,8.966,0.52,0.154,0.103,301,40252,1954,42206,284,3
"en_uk_15",1,182,10,27,190,0,8.168,0.824,0.168,0.224,191,27838,8482,36320,301,2
"en_uk_15",10,180,4,27,185,0,7.679,0.361,0.156,0.215,201,31455,5659,37114,291,3
"en_uk_15",11,176,2,37,214,2,8.821,0.409,0.195,0.289,210,31375,13594,44969,235,4
"en_uk_15",12,164,1,20,166,0,7.911,0.317,0.116,0.157,197,26362,6284,32646,301,4
"en_uk_15",2,183,10,29,197,0,7.503,0.383,0.194,0.216,189,30858,6473,37331,294,2
"en_uk_15",3,186,10,30,220,0,7.839,0.425,0.272,0.206,188,33119,8226,41345,270,4
"en_uk_15",5,167,8,27,201,0,8.018,0.305,0.216,0.232,195,29673,9497,39170,256,4
"en_uk_15",6,152,6,27,166,0,7.776,0.401,0.189,0.189,208,25228,9300,34528,264,4
"en_uk_15",7,199,3,38,226,0,7.94,0.357,0.18,0.213,194,33507,10408,43915,272,4
"en_uk_15",8,136,4,19,137,0,7.852,0.368,0.133,0.184,204,22016,5978,27994,291,2
"en_uk_15",9,200,5,24,200,0,7.731,0.37,0.219,0.19,190,31981,6044,38025,316,4
"en_uk_16",1,182,10,76,324,0,8.163,0.604,0.285,0.464,221,40713,30832,71545,153,3
"en_uk_16",10,180,9,57,275,0,8.164,0.511,0.3,0.371,220,36695,23763,60458,179,2
"en_uk_16",11,176,6,32,252,0,8.745,0.42,0.373,0.246,227,41789,15482,57271,184,3
"en_uk_16",12,164,8,42,246,0,8.443,0.488,0.354,0.381,243,36712,23167,59879,164,2
"en_uk_16",2,183,8,50,262,0,7.977,0.503,0.285,0.4,230,36960,23222,60182,182,4
"en_uk_16",3,186,12,68,346,0,8.694,0.462,0.325,0.411,242,42598,41306,83904,133,4
"en_uk_16",4,182,10,77,349,1,7.744,0.451,0.287,0.467,241,42260,41823,84083,130,4
"en_uk_16",5,167,11,49,256,0,8.767,0.521,0.275,0.305,248,41810,21663,63473,158,3
"en_uk_16",6,152,4,49,215,5,8.837,0.862,0.276,0.422,257,31888,23262,55150,165,4
"en_uk_16",7,199,6,56,314,0,8.38,0.588,0.312,0.369,226,46813,24246,71059,168,4
"en_uk_16",8,136,5,51,261,0,8.231,0.529,0.321,0.464,221,33861,23822,57683,141,2
"en_uk_16",9,200,9,84,360,0,7.801,0.46,0.259,0.506,213,43563,33200,76763,156,3
"en_uk_17",1,182,24,99,539,0,6.688,0.319,0.423,0.491,228,56077,66765,122842,89,1
"en_uk_17",10,180,0,34,191,0,9.137,0.489,0.233,0.302,215,30449,10535,40984,264,3
"en_uk_17",12,164,14,43,244,0,7.507,0.439,0.325,0.358,222,38477,15642,54119,182,3
"en_uk_17",2,183,15,84,456,0,6.484,0.415,0.433,0.484,225,51416,51253,102669,107,4
"en_uk_17",5,167,7,50,357,0,6.429,0.269,0.493,0.3,237,49664,35044,84708,118,4
"en_uk_17",7,199,2,63,329,0,7.142,0.337,0.325,0.392,235,54217,23084,77301,154,4
"en_uk_17",8,136,0,43,239,0,7.432,0.375,0.377,0.412,213,35436,15573,51009,160,3
"en_uk_17",9,200,2,47,268,0,6.536,0.41,0.222,0.315,221,47483,11878,59361,202,2
"en_uk_18",1,182,46,52,362,0,8.545,0.527,0.338,0.309,185,29765,37219,66984,163,2
"en_uk_18",10,180,26,30,209,0,8.246,0.444,0.252,0.226,191,27211,12636,39847,271,3
"en_uk_18",11,176,27,31,230,0,8.725,0.46,0.325,0.217,194,30243,14438,44681,236,3
"en_uk_18",12,164,26,30,201,0,9.094,0.591,0.257,0.257,176,23975,11383,35358,278,3
"en_uk_18",2,183,34,37,232,0,8.628,0.536,0.283,0.283,176,27845,12987,40832,269,4
"en_uk_18",3,186,25,35,225,0,8.544,0.398,0.278,0.248,170,28679,9565,38244,292,4
"en_uk_18",4,182,24,28,213,0,8.175,0.484,0.314,0.215,183,29024,9920,38944,280,2
"en_uk_18",5,167,30,33,214,0,8.508,0.443,0.288,0.263,189,27198,13172,40370,248,4
"en_uk_18",6,152,22,19,169,0,8.408,0.474,0.33,0.213,183,23204,7684,30888,295,3
"en_uk_18",7,199,28,34,235,0,8.031,0.442,0.348,0.25,182,30437,12254,42691,280,4
"en_uk_18",8,136,20,22,147,1,8.197,0.434,0.303,0.27,181,19929,6694,26623,307,2
"en_uk_18",9,200,31,37,219,0,8.792,0.5,0.231,0.261,179,28329,10803,39132,307,3
"en_uk_19",1,182,4,63,295,1,9.785,0.566,0.21,0.446,165,29669,19132,48801,224,3
"en_uk_19",10,180,4,42,235,0,8.558,0.428,0.233,0.333,172,25767,14627,40394,267,2
"en_uk_19",11,176,6,48,275,0,8.946,0.352,0.333,0.341,171,30423,16582,47005,225,4
"en_uk_19",3,186,8,50,297,3,9.136,0.452,0.266,0.338,161,29876,18007,47883,233,4
"en_uk_19",4,182,4,36,266,0,8.311,0.39,0.298,0.277,172,30919,14806,45725,239,4
"en_uk_19",5,167,6,34,241,0,7.554,0.341,0.373,0.254,180,31092,12286,43378,231,2
"en_uk_19",6,152,6,42,233,0,7.644,0.382,0.244,0.319,183,26600,15962,42562,214,3
"en_uk_19",8,136,2,25,166,0,8.629,0.419,0.276,0.286,167,21101,6622,27723,294,4
"en_uk_19",9,200,7,40,232,0,8.051,0.4,0.208,0.302,169,31815,7490,39305,305,3
"en_uk_2",1,182,4,37,217,0,7.572,0.379,0.2,0.279,219,35297,12291,47588,229,3
"en_uk_2",10,180,4,30,189,0,7.562,0.472,0.173,0.244,219,31062,10293,41355,261,2
"en_uk_2",11,176,3,32,197,0,8.263,0.381,0.226,0.241,236,36188,10248,46436,227,2
"en_uk_2",12,164,2,18,177,0,8.442,0.354,0.239,0.154,212,31893,5661,37554,262,3
"en_uk_2",2,183,4,32,203,0,7.907,0.464,0.205,0.273,208,30511,11694,42205,260,4
"en_uk_2",3,186,6,21,206,0,8.192,0.344,0.259,0.137,215,35992,8263,44255,252,4
"en_uk_2",4,182,22,33,221,0,8.363,0.462,0.357,0.233,206,36194,9235,45429,240,4
"en_uk_2",5,167,2,16,164,0,8.794,0.377,0.256,0.145,200,28956,3769,32725,306,2
"en_uk_2",6,152,2,26,152,0,8.434,0.507,0.2,0.238,221,27427,6147,33574,272,3
"en_uk_2",7,199,3,38,204,0,8.57,0.402,0.179,0.248,209,34434,8123,42557,281,4
"en_uk_2",8,136,2,21,131,0,8.261,0.382,0.19,0.19,209,25067,2286,27353,298,4
"en_uk_2",9,200,2,37,209,0,7.715,0.485,0.224,0.245,209,34842,8737,43579,275,3
"en_uk_22",1,182,17,28,236,0,6.714,0.346,0.308,0.192,229,45885,8235,54120,202,4
"en_uk_22",10,180,18,36,238,0,6.176,0.311,0.299,0.231,230,44420,10282,54702,197,3
"en_uk_22",11,176,15,36,281,0,6.754,0.312,0.379,0.214,258,51874,20582,72456,146,2
"en_uk_22",12,164,15,35,236,0,5.889,0.299,0.252,0.252,254,45577,14317,59894,164,3
"en_uk_22",2,183,18,41,274,0,6.84,0.328,0.327,0.245,232,47009,16577,63586,173,3
"en_uk_22",3,186,19,28,273,0,6.064,0.269,0.364,0.172,238,54205,10823,65028,172,4
"en_uk_22",4,182,22,25,268,0,6.016,0.313,0.465,0.183,238,54001,9817,63818,171,4
"en_uk_22",5,167,20,31,238,0,6.507,0.269,0.326,0.225,226,42034,11655,53689,187,2
"en_uk_22",6,152,20,23,182,0,6.785,0.382,0.272,0.219,236,36284,6654,42938,212,3
"en_uk_22",7,199,26,46,294,0,6.395,0.397,0.297,0.31,224,47996,17740,65736,182,4
"en_uk_22",8,136,12,22,172,0,6.318,0.36,0.343,0.225,246,38045,4347,42392,192,1
"en_uk_22",9,200,14,33,244,0,6.159,0.32,0.226,0.2,230,46491,9736,56227,213,4
"en_uk_23",10,180,16,31,212,0,11.205,0.528,0.172,0.344,196,27374,14179,41553,260,4
"en_uk_23",12,164,18,27,187,0,12.041,0.61,0.204,0.311,187,24067,10940,35007,281,2
"en_uk_23",2,183,16,51,303,0,12.311,0.579,0.235,0.397,193,32060,26411,58471,188,3
"en_uk_23",4,182,21,59,333,0,11.263,0.593,0.305,0.477,192,32533,31331,63864,171,4
"en_uk_23",6,152,8,22,135,0,10.248,0.533,0.205,0.239,180,19957,4314,24271,376,4
"en_uk_23",7,199,13,50,305,0,11.431,0.533,0.214,0.31,198,33180,27195,60375,198,4
"en_uk_23",8,136,6,16,102,0,11.59,0.551,0.195,0.208,188,17333,1809,19142,426,4
"en_uk_24",1,182,0,39,168,0,11.598,0.571,0.132,0.333,200,25925,7637,33562,325,3
"en_uk_24",10,180,1,20,121,0,11.636,0.656,0.101,0.242,206,23031,1853,24884,434,4
"en_uk_24",11,176,1,24,136,0,11.887,0.511,0.071,0.212,193,23774,2516,26290,402,4
"en_uk_24",12,164,0,20,135,0,10.937,0.494,0.17,0.22,204,24150,3394,27544,357,3
"en_uk_24",2,183,0,29,163,0,13.312,0.639,0.07,0.261,192,23353,7974,31327,350,3
"en_uk_24",3,186,1,27,141,0,12.183,0.478,0.085,0.237,206,25413,3662,29075,384,4
"en_uk_24",4,182,0,34,184,0,12.401,0.632,0.211,0.312,200,25746,11039,36785,297,3
"en_uk_24",5,167,0,34,199,0,12.967,0.587,0.167,0.352,186,23352,13683,37035,271,3
"en_uk_24",6,152,0,18,95,0,12.378,0.691,0.047,0.221,200,18013,1017,19030,479,4
"en_uk_24",7,199,0,23,144,0,10.909,0.613,0.102,0.229,204,26431,2946,29377,406,4
"en_uk_24",8,136,1,21,103,0,12.682,0.544,0.107,0.267,205,16303,4775,21078,387,3
"en_uk_24",9,200,0,29,148,0,10.93,0.595,0.088,0.263,196,23962,5093,29055,413,4
"en_uk_25",1,182,10,29,180,0,8.595,0.423,0.194,0.226,232,33956,7766,41722,262,3
"en_uk_25",10,180,10,17,144,0,9.675,0.444,0.121,0.138,242,30796,4064,34860,310,3
"en_uk_25",11,176,10,24,171,0,9.553,0.381,0.174,0.198,247,35036,7172,42208,250,3
"en_uk_25",12,164,9,15,130,0,9.855,0.482,0.146,0.146,235,27717,2884,30601,322,4
"en_uk_25",2,183,10,31,169,0,8.556,0.41,0.091,0.258,245,36175,5302,41477,265,3
"en_uk_25",3,186,9,22,167,0,9.603,0.495,0.136,0.167,231,34298,4279,38577,289,4
"en_uk_25",6,152,8,13,117,0,10.188,0.461,0.116,0.137,241,26310,1910,28220,323,4
"en_uk_25",7,199,9,24,159,0,9.841,0.452,0.121,0.177,230,31199,5337,36536,327,3
"en_uk_25",9,200,12,20,153,0,9.326,0.51,0.104,0.176,235,32825,3166,35991,333,3
"en_uk_27",1,182,2,26,253,2,6.959,0.324,0.274,0.185,248,49331,13314,62645,174,2
"en_uk_27",10,180,2,20,175,0,7.309,0.411,0.248,0.149,235,36539,4561,41100,263,2
"en_uk_27",11,176,5,26,244,0,6.67,0.33,0.406,0.188,236,47260,10410,57670,183,3
"en_uk_27",12,164,4,19,185,0,6.701,0.335,0.282,0.161,230,37419,5221,42640,231,2
"en_uk_27",2,183,4,17,186,0,7.235,0.377,0.262,0.143,244,39124,6324,45448,242,4
"en_uk_27",3,186,4,20,239,0,6.407,0.296,0.304,0.149,250,50829,8885,59714,187,3
"en_uk_27",4,182,3,25,244,0,6.279,0.28,0.306,0.163,267,55398,9657,65055,168,4
"en_uk_27",5,167,0,21,220,0,6.629,0.281,0.328,0.157,246,44331,9881,54212,185,3
"en_uk_27",6,152,4,17,172,0,6.47,0.375,0.33,0.138,236,34324,6263,40587,225,2
"en_uk_27",7,199,6,26,227,0,6.508,0.367,0.289,0.168,241,46208,8608,54816,218,3
"en_uk_27",8,136,11,21,164,0,6.631,0.353,0.29,0.2,232,29128,8983,38111,214,4
"en_uk_27",9,200,10,23,234,0,6.126,0.345,0.282,0.154,227,44425,8723,53148,226,4
"en_uk_28",1,182,12,49,232,0,8.791,0.467,0.203,0.331,244,38666,17896,56562,193,3
"en_uk_28",10,180,8,19,163,0,7.657,0.406,0.185,0.16,246,35195,4840,40035,270,4
"en_uk_28",11,176,10,29,211,0,7.941,0.403,0.298,0.185,225,35724,11648,47372,223,4
"en_uk_28",12,164,8,17,146,0,9.073,0.439,0.17,0.17,238,30576,4190,34766,283,4
"en_uk_28",2,183,9,46,218,1,8.302,0.41,0.246,0.299,257,43423,12549,55972,196,3
"en_uk_28",3,186,12,39,246,0,7.888,0.403,0.314,0.314,248,46710,14287,60997,183,4
"en_uk_28",4,182,16,43,255,0,7.435,0.434,0.246,0.297,247,46748,16166,62914,174,4
"en_uk_28",5,167,16,30,208,0,8.434,0.353,0.26,0.228,233,36833,11708,48541,206,2
"en_uk_28",6,152,4,18,147,0,8.048,0.421,0.204,0.153,246,31236,4920,36156,252,4
"en_uk_28",7,199,8,26,206,0,7.965,0.377,0.189,0.182,239,42798,6461,49259,242,3
"en_uk_28",8,136,5,17,135,0,8.12,0.412,0.222,0.178,250,27184,6606,33790,241,4
"en_uk_28",9,200,8,35,214,0,8,0.46,0.226,0.256,226,37085,11215,48300,248,4
"en_uk_29",1,182,16,55,298,0,6.488,0.341,0.365,0.346,262,56175,21890,78065,140,2
"en_uk_29",2,183,16,47,311,0,5.899,0.328,0.431,0.255,252,54366,23866,78232,140,4
"en_uk_29",3,186,12,34,283,0,6.61,0.36,0.428,0.226,262,60283,13803,74086,151,4
"en_uk_29",4,182,10,37,313,0,6.333,0.368,0.441,0.243,269,66243,17900,84143,130,4
"en_uk_29",5,167,11,29,260,0,6.425,0.323,0.489,0.221,259,50051,17417,67468,149,2
"en_uk_29",6,152,13,30,250,0,5.584,0.342,0.413,0.248,260,53389,11681,65070,140,4
"en_uk_30",1,182,14,44,209,0,9.041,0.505,0.161,0.35,209,32083,11680,43763,250,3
"en_uk_30",2,183,9,36,175,0,10.171,0.639,0.172,0.302,203,28437,7005,35442,310,3
"en_uk_30",3,186,14,36,186,0,9.253,0.43,0.143,0.286,224,34401,7199,41600,268,4
"en_uk_30",5,167,15,31,195,0,8.397,0.754,0.19,0.281,201,30717,8574,39291,255,3
"en_uk_30",7,199,10,38,194,0,9.58,0.538,0.135,0.293,209,31005,9617,40622,294,4
"en_uk_31",1,182,17,24,179,0,9.068,0.637,0.176,0.208,171,24438,6251,30689,356,3
"en_uk_31",10,180,11,17,130,0,9.436,0.506,0.071,0.142,181,22053,1451,23504,459,2
"en_uk_31",11,176,22,28,195,0,9.58,0.381,0.197,0.197,183,28971,6683,35654,296,3
"en_uk_31",12,164,11,12,126,0,9.963,0.463,0.087,0.135,184,21018,2220,23238,423,3
"en_uk_31",2,183,16,20,149,0,10.049,0.65,0.123,0.202,171,22032,3518,25550,430,4
"en_uk_31",3,186,18,24,186,0,8.951,0.511,0.182,0.197,181,28028,5618,33646,332,3
"en_uk_31",4,182,14,13,147,0,9.362,0.401,0.126,0.101,179,24635,1659,26294,415,4
"en_uk_31",5,167,12,14,151,0,9.398,0.365,0.165,0.148,180,24033,3173,27206,368,2
"en_uk_31",6,152,10,9,111,0,9.302,0.414,0.095,0.105,189,20209,715,20924,436,3
"en_uk_31",7,199,16,16,167,0,9.384,0.407,0.095,0.146,181,27509,2765,30274,394,4
"en_uk_31",8,136,8,12,107,0,10.483,0.625,0.115,0.161,181,17536,1815,19351,422,2
"en_uk_31",9,200,13,24,169,0,9.993,0.56,0.109,0.202,171,24129,4713,28842,416,3
"en_uk_32",1,182,12,28,200,0,7.94,0.44,0.242,0.258,245,38277,10773,49050,223,2
"en_uk_32",10,180,8,39,218,0,10.133,0.567,0.129,0.419,236,32989,18470,51459,210,3
"en_uk_32",11,176,16,35,223,0,8.409,0.449,0.242,0.305,233,37125,14772,51897,203,3
"en_uk_32",12,164,4,27,161,0,9.783,0.518,0.135,0.36,232,28577,8728,37305,264,4
"en_uk_32",3,186,8,30,185,0,9.307,0.5,0.235,0.277,239,34062,10098,44160,253,3
"en_uk_32",4,182,4,41,198,0,9.529,0.511,0.211,0.368,248,34801,14220,49021,223,3
"en_uk_32",5,167,8,25,187,0,8.601,0.575,0.252,0.27,249,36700,9812,46512,215,3
"en_uk_32",6,152,5,30,142,0,8.866,0.533,0.15,0.33,229,25733,6825,32558,280,4
"en_uk_32",7,199,2,31,201,0,8.138,0.497,0.182,0.311,217,33839,9684,43523,274,4
"en_uk_32",8,136,3,33,157,0,9.291,0.537,0.169,0.449,228,23120,12601,35721,228,3
"en_uk_32",9,200,7,34,198,0,7.768,0.5,0.141,0.296,243,37887,10173,48060,250,3
"en_uk_33",1,182,18,44,326,0,6.366,0.429,0.383,0.27,291,59995,34933,94928,115,3
"en_uk_33",11,176,10,35,367,0,6.678,0.466,0.462,0.252,279,59694,42603,102297,103,3
"en_uk_33",2,183,11,40,303,0,6.868,0.333,0.338,0.304,280,58290,26669,84959,129,3
"en_uk_33",3,186,8,29,247,0,7.18,0.339,0.351,0.209,277,57681,10685,68366,163,2
"en_uk_33",4,182,5,34,283,0,7.806,0.313,0.34,0.271,273,52955,24420,77375,141,4
"en_uk_33",5,167,10,43,375,0,7.502,0.335,0.457,0.312,278,62456,41788,104244,96,3
"en_uk_33",6,152,6,36,283,0,7.73,0.421,0.306,0.282,280,45511,33768,79279,115,4
"en_uk_33",7,199,6,41,330,0,6.973,0.372,0.325,0.25,269,58401,30418,88819,134,3
"en_uk_33",8,136,8,35,289,0,6.893,0.353,0.366,0.304,263,41844,34241,76085,107,4
"en_uk_36",1,182,18,36,235,0,7.313,0.835,0.196,0.239,176,27481,13954,41435,264,2
"en_uk_36",10,180,11,17,158,0,8.351,0.433,0.101,0.124,172,23965,3221,27186,397,4
"en_uk_36",11,176,14,19,207,0,6.941,0.523,0.261,0.13,185,32601,5661,38262,276,3
"en_uk_36",12,164,12,10,145,0,7.783,0.366,0.151,0.076,173,23857,1252,25109,392,4
"en_uk_36",2,183,25,29,227,0,7.53,0.683,0.199,0.206,181,29340,11679,41019,268,4
"en_uk_36",4,182,20,26,222,0,7.035,0.599,0.257,0.184,184,30811,10023,40834,267,1
"en_uk_36",5,167,14,11,176,0,7.229,0.551,0.277,0.109,177,26739,4380,31119,322,3
"en_uk_36",6,152,15,13,142,0,7.289,0.553,0.215,0.112,169,22552,1434,23986,380,4
"en_uk_36",8,136,12,13,129,1,6.982,0.515,0.196,0.118,173,21373,961,22334,365,1
"en_uk_36",9,200,15,28,197,0,6.924,0.61,0.152,0.179,179,29755,5551,35306,340,3
"en_uk_37",1,182,24,27,187,0,9.436,0.5,0.209,0.217,172,22633,9502,32135,340,3
"en_uk_37",10,180,17,16,139,0,10,0.511,0.168,0.198,168,18698,4656,23354,462,3
"en_uk_37",12,164,14,15,121,0,10.66,0.585,0.098,0.163,179,17983,3628,21611,455,3
"en_uk_37",2,183,24,18,161,0,9.63,0.454,0.127,0.144,167,22687,4146,26833,409,4
"en_uk_37",3,186,21,18,156,0,9.511,0.489,0.184,0.175,166,22644,3289,25933,430,4
"en_uk_37",4,182,22,19,151,0,9.147,0.44,0.157,0.165,168,22322,3044,25366,430,3
"en_uk_37",5,167,24,13,158,0,8.971,0.443,0.192,0.135,169,21545,5124,26669,376,3
"en_uk_37",7,199,21,16,171,0,9.571,0.417,0.143,0.128,172,26049,3330,29379,406,4
"en_uk_37",8,136,20,14,124,0,8.047,0.426,0.174,0.198,174,18136,3446,21582,378,1
"en_uk_37",9,200,14,15,144,0,8.64,0.48,0.147,0.129,169,22386,1884,24270,494,3
"en_uk_38",1,182,18,49,228,0,7.876,0.423,0.209,0.343,190,31170,12115,43285,252,2
"en_uk_38",11,176,16,40,271,0,9.126,0.364,0.279,0.314,199,36419,17563,53982,196,2
"en_uk_38",12,164,10,33,216,0,8.011,0.494,0.234,0.274,207,30526,14133,44659,220,4
"en_uk_38",2,183,18,49,262,0,7.869,0.399,0.252,0.381,197,34148,17522,51670,213,2
"en_uk_38",5,167,12,31,181,0,8.22,0.377,0.218,0.266,191,28453,6198,34651,289,4
"en_uk_38",6,152,16,36,206,0,8.07,0.375,0.185,0.306,195,28371,11805,40176,227,3
"en_uk_38",7,199,12,44,233,0,8.055,0.402,0.193,0.293,191,34375,10224,44599,268,4
"en_uk_38",8,136,13,31,194,0,8.228,0.412,0.23,0.38,208,24441,15882,40323,202,4
"en_uk_38",9,200,20,54,305,0,8.209,0.405,0.203,0.373,196,36553,23280,59833,201,3
"en_uk_39",1,182,14,93,328,0,9.683,0.593,0.143,0.578,199,35938,29403,65341,167,3
"en_uk_39",10,180,5,71,259,0,10.934,0.494,0.201,0.5,208,34345,19430,53775,201,2
"en_uk_39",2,183,6,85,329,1,9.126,0.426,0.177,0.525,202,36352,30089,66441,165,3
"en_uk_39",4,182,8,68,296,0,10.072,0.505,0.25,0.446,207,35550,25655,61205,178,4
"en_uk_39",6,152,4,50,188,0,9.15,0.507,0.214,0.473,204,27148,11156,38304,238,4
"en_uk_4",11,176,8,24,163,0,10.719,0.472,0.174,0.209,232,31887,5948,37835,279,1
"en_uk_4",3,186,20,37,200,0,10.331,0.468,0.197,0.276,224,31599,13198,44797,249,2
"en_uk_4",4,182,15,37,212,0,10.182,0.445,0.242,0.315,217,34590,11336,45926,238,4
"en_uk_4",5,167,10,26,163,0,10.917,0.491,0.149,0.263,230,29699,7716,37415,268,3
"en_uk_4",6,152,7,12,104,0,11.5,0.533,0.188,0.15,227,22239,1412,23651,386,4
"en_uk_4",7,199,22,38,216,0,9.965,0.472,0.191,0.294,212,34142,11596,45738,261,3
"en_uk_4",8,136,11,26,124,0,9.525,0.478,0.157,0.236,220,23012,4225,27237,300,4
"en_uk_4",9,200,16,44,210,0,10.092,0.515,0.134,0.339,224,30331,16628,46959,256,3
"en_uk_40",1,182,5,56,256,0,10.032,0.648,0.05,0.407,223,33377,23735,57112,191,2
"en_uk_40",10,180,1,36,188,0,10.557,0.856,0.068,0.339,206,25556,13150,38706,279,4
"en_uk_40",11,176,6,40,244,1,9.724,0.455,0.195,0.336,222,30986,23266,54252,195,3
"en_uk_40",12,164,2,32,185,0,10.548,0.805,0.133,0.31,222,27543,13582,41125,239,4
"en_uk_40",2,183,4,38,203,0,10.484,0.743,0.076,0.37,204,26475,14917,41392,265,2
"en_uk_40",3,186,4,41,203,0,11.181,0.478,0.116,0.31,206,29874,11974,41848,267,3
"en_uk_40",4,182,7,44,238,0,9.337,0.462,0.175,0.357,224,32371,20875,53246,205,3
"en_uk_40",5,167,1,23,156,0,10.441,0.479,0.115,0.221,206,25606,6472,32078,312,3
"en_uk_40",6,152,3,31,179,0,9.923,0.52,0.17,0.34,224,24186,15823,40009,228,4
"en_uk_40",7,199,3,42,232,0,10.322,0.553,0.13,0.319,221,34877,16304,51181,233,4
"en_uk_40",9,200,6,52,280,0,10.051,0.615,0.148,0.376,233,41849,23369,65218,184,3
"en_uk_41",1,182,10,34,243,0,7.771,0.363,0.296,0.274,229,41640,13934,55574,196,3
"en_uk_41",10,180,7,40,233,0,7.701,0.439,0.256,0.31,222,35825,15817,51642,209,4
"en_uk_41",11,176,10,38,270,0,7.022,0.335,0.325,0.238,252,52001,15973,67974,155,2
"en_uk_41",12,164,10,48,258,0,7.441,0.451,0.25,0.318,209,36530,17296,53826,183,2
"en_uk_41",5,167,9,38,271,0,6.817,0.299,0.331,0.288,233,43266,19960,63226,158,2
"en_uk_41",6,152,6,29,204,0,7.151,0.342,0.259,0.293,225,33787,12201,45988,198,4
"en_uk_41",9,200,7,38,279,0,6.461,0.5,0.312,0.256,237,51383,14625,66008,182,3
"en_uk_42",1,182,3,27,186,0,8.5,0.352,0.113,0.195,237,36456,7611,44067,248,2
"en_uk_42",10,180,2,21,164,0,8.694,0.411,0.128,0.179,219,28632,7225,35857,301,3
"en_uk_42",11,176,5,26,183,0,8.631,0.33,0.154,0.185,233,35385,7247,42632,248,0
"en_uk_42",12,164,3,22,141,0,9.702,0.409,0.136,0.191,214,26564,3542,30106,327,3
"en_uk_42",2,183,5,24,173,0,7.946,0.35,0.128,0.165,216,33086,4291,37377,294,1
"en_uk_42",3,186,5,26,189,0,8.788,0.446,0.225,0.2,224,34313,8004,42317,264,3
"en_uk_42",4,182,3,22,182,0,8.35,0.363,0.185,0.162,237,38529,4644,43173,253,4
"en_uk_42",5,167,5,16,152,0,8.313,0.323,0.107,0.132,231,31849,3216,35065,286,3
"en_uk_42",6,152,2,20,156,0,7.863,0.309,0.077,0.162,233,28913,7442,36355,251,3
"en_uk_43",1,182,15,38,210,0,8.732,0.363,0.142,0.255,184,29356,9201,38557,283,2
"en_uk_43",10,180,7,28,158,0,10.016,0.483,0.142,0.23,180,23175,5268,28443,380,3
"en_uk_43",11,176,7,17,159,0,9.207,0.409,0.237,0.158,179,25368,3047,28415,372,1
"en_uk_43",12,164,10,18,133,0,9.144,0.415,0.139,0.148,172,21197,1662,22859,430,2
"en_uk_43",2,183,13,36,198,0,8.671,0.448,0.178,0.264,174,26530,7839,34369,319,3
"en_uk_43",3,186,13,35,198,0,8.758,0.387,0.241,0.234,175,28170,6432,34602,323,4
"en_uk_43",4,182,10,27,183,0,8.587,0.385,0.205,0.212,188,28911,5417,34328,318,4
"en_uk_43",5,167,10,20,169,0,9.077,0.449,0.212,0.195,176,25837,3950,29787,336,3
"en_uk_43",6,152,6,19,120,0,8.942,0.48,0.194,0.183,173,18925,1811,20736,440,3
"en_uk_43",7,199,10,28,170,0,9.65,0.442,0.097,0.209,185,27607,3892,31499,379,4
"en_uk_43",8,136,6,22,134,0,8.836,0.412,0.125,0.24,183,19987,4474,24461,334,4
"en_uk_43",9,200,10,32,188,0,8.903,0.425,0.136,0.257,180,28405,5353,33758,355,3
"en_uk_45",1,182,7,38,205,2,8.5,0.429,0.173,0.315,218,31308,13324,44632,245,2
"en_uk_45",10,180,4,22,176,0,8.457,0.467,0.214,0.222,182,24364,7687,32051,337,2
"en_uk_45",2,183,4,40,237,0,8.5,0.464,0.15,0.308,210,32936,16887,49823,220,3
"en_uk_45",3,186,8,33,214,0,8.676,0.382,0.201,0.269,198,31454,10935,42389,263,4
"en_uk_45",4,182,14,32,216,0,8.205,0.418,0.211,0.211,206,32685,11845,44530,245,1
"en_uk_45",5,167,6,33,204,0,7.703,0.389,0.172,0.262,265,33813,20153,53966,186,3
"en_uk_45",7,199,8,34,221,0,7.844,0.437,0.18,0.281,213,35110,11947,47057,254,4
"en_uk_45",8,136,4,20,160,0,8.447,0.404,0.253,0.275,173,19213,8450,27663,295,3
"en_uk_45",9,200,8,41,233,2,8.413,0.5,0.16,0.299,216,39639,10782,50421,238,4
"en_uk_46",1,182,28,53,276,0,7.157,0.363,0.224,0.368,223,41058,20495,61553,177,2
"en_uk_46",10,180,8,37,219,0,9.089,0.5,0.215,0.3,202,31104,13116,44220,244,2
"en_uk_46",11,164,8,24,178,0,9.267,0.573,0.221,0.168,220,29928,9246,39174,251,2
"en_uk_46",2,183,15,38,226,0,8.044,0.497,0.203,0.301,214,33345,14966,48311,227,4
"en_uk_46",3,186,16,25,214,0,8.272,0.505,0.223,0.201,227,39498,9173,48671,229,4
"en_uk_46",4,182,18,51,287,0,7.768,0.385,0.261,0.317,213,40103,20985,61088,179,4
"en_uk_46",5,167,9,28,205,0,8.724,0.371,0.272,0.24,207,32317,10105,42422,236,4
"en_uk_46",6,152,14,34,244,0,8.607,0.526,0.327,0.301,206,33000,17347,50347,181,4
"en_uk_46",7,199,11,34,242,0,7.453,0.412,0.289,0.211,212,38601,12637,51238,233,3
"en_uk_46",8,136,4,21,134,0,8.08,0.404,0.149,0.208,224,25655,4407,30062,271,3
"en_uk_46",9,200,6,42,258,0,8.091,0.395,0.221,0.26,212,38545,16124,54669,220,3
"en_uk_47",1,182,11,48,302,0,6.835,0.522,0.392,0.301,197,41152,18308,59460,184,1
"en_uk_47",10,180,7,37,266,0,6.379,0.278,0.289,0.268,193,39944,11394,51338,210,3
"en_uk_47",11,176,12,34,283,0,6.55,0.347,0.49,0.203,196,44418,11040,55458,190,1
"en_uk_47",2,183,8,38,284,0,7.208,0.563,0.361,0.264,195,36210,19300,55510,198,4
"en_uk_47",3,186,9,46,319,0,7.288,0.306,0.319,0.306,194,41931,19910,61841,180,2
"en_uk_47",4,182,10,36,314,0,6.083,0.396,0.369,0.229,203,44921,18929,63850,171,3
"en_uk_47",5,167,7,36,325,0,6.301,0.335,0.385,0.259,194,41030,22069,63099,159,1
"en_uk_47",6,152,12,34,284,0,6.291,0.276,0.397,0.294,188,34220,19253,53473,171,3
"en_uk_48",1,182,3,57,283,0,8.815,0.566,0.201,0.349,226,38782,25085,63867,171,1
"en_uk_48",10,180,2,39,198,0,9.629,0.611,0.198,0.305,208,32177,9079,41256,262,3
"en_uk_48",12,164,0,34,185,0,8.564,0.47,0.252,0.317,216,32879,7128,40007,246,3
"en_uk_48",3,186,1,39,209,0,9.217,0.586,0.265,0.279,220,36227,9736,45963,243,3
"en_uk_48",4,182,2,48,238,0,8.578,0.445,0.282,0.31,215,39339,11875,51214,213,4
"en_uk_48",5,167,0,36,203,0,8.503,0.419,0.248,0.278,220,37675,7064,44739,224,1
"en_uk_48",6,152,0,27,143,0,9.149,0.664,0.202,0.26,217,26383,4679,31062,294,3
"en_uk_48",7,199,1,42,227,0,8.764,0.583,0.275,0.275,208,38632,8522,47154,253,4
"en_uk_48",8,136,0,41,175,0,7.865,0.507,0.216,0.342,210,27425,9247,36672,223,2
"en_uk_48",9,200,1,53,303,0,8.912,0.585,0.28,0.298,213,44950,19738,64688,186,3
"en_uk_49",1,182,16,79,330,0,8.299,0.451,0.248,0.517,216,37050,34091,71141,153,4
"en_uk_49",11,176,12,58,303,0,8.202,0.386,0.243,0.393,240,39604,33213,72817,145,3
"en_uk_49",12,164,4,40,210,0,8.685,0.439,0.192,0.352,204,29493,13348,42841,230,3
"en_uk_49",2,183,11,39,207,0,9.125,0.432,0.195,0.323,189,30496,8567,39063,281,4
"en_uk_49",3,186,15,58,302,0,8.419,0.376,0.282,0.423,201,33977,26632,60609,184,4
"en_uk_49",4,182,11,58,286,0,8.43,0.412,0.184,0.382,210,36333,23821,60154,182,4
"en_uk_49",5,167,10,43,233,0,8.12,0.419,0.264,0.326,214,33178,16741,49919,201,4
"en_uk_49",6,152,6,36,174,0,8.731,0.434,0.143,0.312,209,26059,10262,36321,251,4
"en_uk_49",7,199,4,59,275,2,8.834,0.412,0.216,0.346,205,38178,18077,56255,212,4
"en_uk_49",8,136,6,37,200,0,7.535,0.36,0.245,0.349,206,24650,16646,41296,198,3
"en_uk_49",9,200,14,53,290,0,8.128,0.54,0.227,0.367,208,38009,22330,60339,199,4
"en_uk_50",1,182,9,103,578,0,9.115,0.401,0.361,0.503,243,56126,84256,140382,78,3
"en_uk_50",10,180,0,40,209,0,8,0.406,0.151,0.288,256,42231,11352,53583,202,3
"en_uk_50",11,176,11,66,400,0,9.398,0.511,0.289,0.401,243,45337,51753,97090,109,4
"en_uk_50",12,164,4,53,283,0,8.949,0.537,0.234,0.367,244,40656,28379,69035,143,3
"en_uk_50",4,182,1,47,285,0,8.095,0.335,0.26,0.333,244,45615,23787,69402,157,4
"en_uk_51",1,182,20,43,256,0,10.335,0.615,0.164,0.398,210,32037,21833,53870,203,2
"en_uk_51",11,176,16,48,253,0,8.651,0.608,0.246,0.354,245,38483,23555,62038,170,2
"en_uk_51",12,164,12,33,172,0,10.642,0.591,0.176,0.353,212,25225,11325,36550,269,3
"en_uk_51",2,183,14,49,245,0,9.941,0.508,0.085,0.418,213,33128,18976,52104,211,4
"en_uk_51",3,186,14,37,195,0,10.738,0.651,0.152,0.296,209,28543,12224,40767,274,4
"en_uk_51",4,182,18,49,254,2,8.975,0.83,0.178,0.395,219,32886,22691,55577,196,4
"en_uk_51",5,167,12,41,212,0,10.176,0.749,0.2,0.382,214,27589,17751,45340,221,2
"en_uk_51",7,199,9,41,200,1,10.682,0.749,0.122,0.358,226,31327,13786,45113,265,3
"en_uk_51",8,136,7,35,150,0,11.731,0.743,0.135,0.416,211,20740,10974,31714,257,3
"en_uk_51",9,200,16,42,229,0,9.745,0.73,0.181,0.378,229,33747,18620,52367,229,3
"en_uk_53",1,182,5,29,173,0,8.831,0.544,0.116,0.256,279,36509,11827,48336,226,1
"en_uk_53",2,183,8,25,175,0,8.329,0.47,0.109,0.195,284,39733,9886,49619,221,2
"en_uk_53",3,186,12,26,194,0,8.515,0.36,0.118,0.181,277,44222,9531,53753,208,2
"en_uk_53",4,182,6,27,194,0,7.559,0.516,0.18,0.223,277,46311,7406,53717,203,4
"en_uk_53",5,167,10,23,174,0,9.24,0.359,0.152,0.176,271,39929,7154,47083,213,3
"en_uk_53",6,152,3,14,124,0,8.841,0.671,0.117,0.149,278,29708,4722,34430,265,3
"en_uk_53",8,136,8,11,107,0,9.565,0.507,0.118,0.129,300,29484,2636,32120,254,2
"en_uk_54",1,182,4,23,153,0,10.492,0.615,0.136,0.32,192,23279,6118,29397,371,2
"en_uk_54",10,180,1,28,148,0,10.924,0.567,0.172,0.323,181,20016,6767,26783,403,3
"en_uk_54",2,183,5,17,126,0,9.889,0.508,0.078,0.155,206,23446,2508,25954,423,4
"en_uk_54",3,186,4,28,158,0,11.189,0.522,0.13,0.252,197,25686,5478,31164,358,4
"en_uk_54",4,182,6,22,152,0,10.195,0.538,0.189,0.255,191,23916,5122,29038,376,4
"en_uk_54",5,167,1,15,111,0,11.526,0.503,0.117,0.149,178,18688,1037,19725,508,3
"en_uk_54",7,199,5,22,157,0,10.115,0.538,0.195,0.204,198,27543,3467,31010,385,4
"en_uk_54",8,136,1,31,150,0,10.867,0.559,0.217,0.386,171,16726,8971,25697,318,2
"en_uk_54",9,200,3,27,158,0,9.992,0.55,0.139,0.278,189,24532,5390,29922,401,4
"en_uk_55",1,182,4,30,185,0,10.174,0.577,0.151,0.193,229,30643,11690,42333,258,2
"en_uk_55",10,180,0,33,224,0,10.631,0.411,0.129,0.25,238,38252,15147,53399,202,2
"en_uk_55",11,176,0,23,234,0,9.786,0.398,0.162,0.162,254,42253,17199,59452,178,2
"en_uk_55",12,164,0,16,166,0,10.286,0.463,0.156,0.147,223,28485,8551,37036,266,4
"en_uk_55",3,186,1,26,208,1,10.094,0.995,0.134,0.172,254,38800,14134,52934,211,2
"en_uk_55",4,182,2,21,222,0,10.389,0.566,0.192,0.131,251,40208,15468,55676,196,2
"en_uk_55",5,167,2,22,186,0,9.73,0.521,0.083,0.19,243,33838,11283,45121,222,3
"en_uk_55",8,136,4,23,168,0,10.773,0.581,0.167,0.219,239,24933,15143,40076,204,2
"en_uk_55",9,200,0,27,197,0,9.738,0.475,0.106,0.189,232,33990,11698,45688,263,3
"en_uk_56",1,182,2,12,134,0,8.922,0.566,0.219,0.105,192,24774,959,25733,424,2
"en_uk_56",10,180,12,39,262,0,7.233,0.372,0.277,0.307,225,40278,18652,58930,183,4
"en_uk_56",2,183,1,11,137,0,9.276,0.53,0.284,0.108,198,26164,911,27075,406,4
"en_uk_56",6,152,4,15,145,0,7.96,0.414,0.294,0.147,211,29372,1205,30577,298,3
"en_uk_56",8,136,8,24,163,0,7.765,0.426,0.326,0.242,197,25504,6670,32174,254,3
"en_uk_57",1,182,5,54,246,1,9.016,0.423,0.097,0.361,228,36442,19539,55981,195,2
"en_uk_57",10,176,0,33,207,0,8.379,0.415,0.18,0.248,238,38790,10499,49289,214,3
"en_uk_57",11,164,3,18,146,0,8.606,0.396,0.123,0.158,234,30473,3723,34196,288,3
"en_uk_57",2,183,3,42,209,0,9.333,0.393,0.133,0.294,219,35765,9965,45730,240,4
"en_uk_57",3,186,3,52,278,0,8.341,0.317,0.155,0.303,238,41635,24433,66068,169,4
"en_uk_57",4,182,5,30,231,0,8.317,0.407,0.181,0.243,236,39133,15388,54521,200,4
"en_uk_57",5,167,2,30,179,0,8.427,0.275,0.127,0.224,234,34769,7061,41830,240,2
"en_uk_57",6,152,4,23,158,0,8.942,0.368,0.125,0.196,219,28377,6193,34570,264,4
"en_uk_57",8,136,1,22,154,0,8.061,0.39,0.229,0.229,238,29481,7247,36728,222,2
"en_uk_57",9,180,2,32,182,0,8.1,0.4,0.101,0.239,231,36668,5306,41974,257,3
"en_uk_58",1,182,4,42,209,0,8.078,0.549,0.22,0.339,198,30161,11144,41305,264,3
"en_uk_58",10,180,4,34,183,0,8.772,0.417,0.165,0.291,192,27329,7875,35204,307,2
"en_uk_58",11,176,5,45,263,0,8.606,0.364,0.241,0.328,203,35935,17364,53299,198,3
"en_uk_58",12,164,2,27,158,0,9.276,0.427,0.159,0.23,201,26502,5228,31730,310,4
"en_uk_58",2,183,5,30,166,0,9.485,0.607,0.142,0.325,191,26887,4837,31724,346,3
"en_uk_58",3,186,4,37,235,0,8.866,0.419,0.197,0.279,200,34626,12360,46986,238,4
"en_uk_58",4,182,4,46,240,0,8.26,0.467,0.259,0.341,205,33981,15159,49140,222,4
"en_uk_58",5,167,3,41,223,0,8.659,0.395,0.236,0.325,202,31331,13606,44937,223,3
"en_uk_58",6,152,3,31,163,0,9.047,0.447,0.143,0.295,202,24745,8100,32845,278,3
"en_uk_58",7,199,6,41,219,0,8.442,0.412,0.179,0.321,191,31558,10227,41785,286,4
"en_uk_58",8,136,5,26,142,0,9.486,0.434,0.168,0.337,194,21743,5741,27484,297,4
"en_uk_59",1,182,5,63,230,0,9.649,0.56,0.217,0.442,179,29797,11349,41146,265,3
"en_uk_59",10,180,6,41,192,0,9.609,0.483,0.205,0.326,190,29949,6526,36475,296,3
"en_uk_59",12,164,5,36,174,0,9.652,0.445,0.187,0.325,192,28373,5056,33429,294,2
"en_uk_59",3,186,6,52,244,0,9.66,0.527,0.248,0.376,181,30547,13607,44154,253,4
"en_uk_59",4,182,8,51,257,0,9.826,0.621,0.263,0.35,184,31616,15561,47177,231,4
"en_uk_59",5,167,10,60,325,0,10.286,0.545,0.312,0.399,176,32106,24945,57051,176,3
"en_uk_59",6,152,4,44,226,0,11.274,0.73,0.309,0.382,170,22673,15858,38531,237,4
"en_uk_59",7,199,12,87,377,0,9.808,0.447,0.24,0.433,178,37072,29972,67044,178,4
"en_uk_59",8,136,4,47,245,0,10.815,0.485,0.371,0.476,173,23664,18794,42458,192,3
"en_uk_6",1,182,21,71,319,0,8.353,0.527,0.176,0.465,163,31228,20926,52154,209,4
"en_uk_6",12,164,12,29,169,0,8.378,0.39,0.164,0.238,150,21109,4223,25332,388,4
"en_uk_6",3,186,15,49,251,0,8.267,0.285,0.162,0.299,160,27108,13118,40226,277,4
"en_uk_6",5,167,12,35,186,0,8.581,0.335,0.108,0.292,156,21993,6983,28976,346,3
"en_uk_6",7,199,10,42,214,0,8.948,0.387,0.118,0.307,148,25373,6251,31624,378,3
"en_uk_6",8,136,10,31,166,0,8.766,0.353,0.194,0.324,159,20348,6036,26384,309,2
"en_uk_6",9,200,17,53,278,0,7.524,0.375,0.177,0.354,154,27855,14831,42686,281,3
"en_uk_60",1,182,15,32,181,0,7.654,0.467,0.126,0.252,216,30318,8744,39062,280,3
"en_uk_60",10,180,10,23,179,0,7.689,0.45,0.159,0.183,222,32531,7271,39802,271,3
"en_uk_60",11,176,18,34,213,0,7.866,0.455,0.182,0.248,217,34048,12199,46247,228,3
"en_uk_60",12,164,9,31,176,0,8.389,0.463,0.123,0.221,202,27399,8176,35575,277,4
"en_uk_60",2,183,10,32,189,1,8.227,0.519,0.173,0.271,210,32138,7595,39733,276,4
"en_uk_60",3,186,14,25,198,0,7.827,0.371,0.167,0.188,214,34351,8116,42467,263,4
"en_uk_60",5,167,15,23,172,0,7.514,0.353,0.177,0.177,227,33709,5365,39074,256,3
"en_uk_60",6,152,8,21,138,1,8.478,0.467,0.184,0.214,216,25276,4583,29859,305,3
"en_uk_60",7,199,15,29,207,0,8.708,0.392,0.17,0.184,217,35649,9372,45021,265,3
"en_uk_60",8,136,6,24,139,1,8.144,0.419,0.157,0.216,223,25546,5447,30993,263,1
"en_uk_60",9,200,16,34,224,0,6.842,0.385,0.176,0.23,210,37066,10018,47084,255,3
"en_uk_61",1,182,3,39,234,0,7.84,0.44,0.244,0.321,182,28552,14015,42567,257,2
"en_uk_61",10,180,4,32,207,0,9.218,0.361,0.146,0.204,184,28289,9870,38159,283,3
"en_uk_61",11,176,4,36,226,0,9.125,0.409,0.187,0.245,199,32942,12119,45061,234,4
"en_uk_61",12,164,5,22,187,0,8.109,0.415,0.228,0.187,193,28478,7696,36174,272,3
"en_uk_61",2,183,4,33,182,0,9.144,0.448,0.192,0.283,177,25301,6883,32184,341,4
"en_uk_61",3,186,4,23,176,0,8.671,0.435,0.23,0.164,195,28647,5622,34269,326,4
"en_uk_61",4,182,4,41,256,0,8.849,0.401,0.315,0.277,184,31998,15180,47178,231,4
"en_uk_61",5,167,3,29,196,0,8.53,0.431,0.194,0.25,192,28899,8804,37703,266,2
"en_uk_61",6,152,3,20,133,0,8.704,0.684,0.177,0.198,189,21256,3900,25156,363,4
"en_uk_61",7,199,4,38,217,0,8.559,0.503,0.205,0.265,182,29413,10116,39529,302,4
"en_uk_61",8,136,3,30,154,0,8.349,0.353,0.093,0.262,195,23139,6884,30023,272,3
"en_uk_61",9,200,5,47,243,0,8.568,0.51,0.171,0.316,188,32094,13622,45716,262,4
"en_uk_8",1,182,1,25,186,0,8.644,0.445,0.177,0.226,185,26987,7426,34413,317,2
"en_uk_8",10,180,2,24,157,0,9.504,0.417,0.07,0.234,168,23371,3011,26382,409,4
"en_uk_8",11,176,2,33,188,0,8.956,0.392,0.142,0.26,182,26004,8222,34226,309,3
"en_uk_8",12,164,2,19,147,0,9.256,0.396,0.149,0.167,177,23618,2343,25961,379,2
"en_uk_8",2,183,1,32,164,0,9.519,0.443,0.072,0.264,171,22580,5450,28030,392,4
"en_uk_8",3,186,3,31,173,0,9.262,0.414,0.111,0.252,167,24782,4042,28824,387,3
"en_uk_8",4,182,3,31,205,0,8,0.412,0.167,0.22,188,25976,12529,38505,284,4
"en_uk_8",5,167,1,24,159,0,9.896,0.419,0.086,0.224,170,21646,5445,27091,370,3
"en_uk_8",6,152,2,20,128,0,9.187,0.421,0.095,0.21,171,19586,2323,21909,416,4
"en_uk_8",7,199,0,25,174,0,9.373,0.432,0.113,0.188,166,24252,4553,28805,415,3
"en_uk_8",8,136,2,15,124,0,8.745,0.397,0.115,0.198,176,18697,3129,21826,374,1
"en_uk_8",9,200,2,43,206,0,8.486,0.435,0.093,0.318,163,26675,6954,33629,357,3
"en_uk_9",1,182,7,28,235,0,6.615,0.28,0.238,0.204,209,39137,9892,49029,223,3
"en_uk_9",10,180,5,27,202,0,6.844,0.278,0.204,0.176,212,34839,7890,42729,253,4
"en_uk_9",11,176,4,17,211,0,7.745,0.278,0.301,0.128,205,37845,5413,43258,244,3
"en_uk_9",12,164,3,17,169,0,6.987,0.256,0.177,0.115,203,30419,3886,34305,287,4
"en_uk_9",2,183,4,28,220,0,6.881,0.262,0.215,0.188,200,34131,9881,44012,249,4
"en_uk_9",3,186,6,20,210,0,7.257,0.269,0.219,0.137,209,38169,5658,43827,255,3
"en_uk_9",4,182,7,31,274,0,6.537,0.209,0.259,0.196,195,40558,12783,53341,205,4
"en_uk_9",5,167,6,21,229,0,6.755,0.216,0.289,0.148,203,38916,7490,46406,216,4
"en_uk_9",6,152,3,9,152,0,6.755,0.289,0.209,0.07,193,27804,1551,29355,311,4
"en_uk_9",7,199,6,21,216,0,6.794,0.266,0.217,0.153,202,38720,4988,43708,273,4
"en_uk_9",8,136,3,20,152,0,6.992,0.346,0.152,0.17,202,25761,4952,30713,266,3
"en_uk_9",9,200,6,28,230,0,6.289,0.265,0.208,0.164,202,39527,6900,46427,258,4
